date,ontario_demand_avg_mw,ontario_demand_peak_mw,ontario_demand_min_mw,ontario_demand_std_mw,market_demand_avg_mw,ontario_peak_hour,demand_range_mw
2025-01-01,15330.791666666666,17519,13593,1328.2806467193868,18650.375,18,3926
2025-01-02,16812.875,19450,13903,1849.0236745139418,20475.666666666668,18,5547
2025-01-03,17533.166666666668,19616,15284,1379.5820308014127,20805.25,18,4332
2025-01-04,17514.041666666668,19983,15433,1434.6955586515535,20919.791666666668,18,4550
2025-01-05,17665.125,20626,15397,1647.2671257861152,21117.583333333332,18,5229
2025-01-06,18825.25,21159,15875,1794.8305055013598,21932.25,18,5284
2025-01-07,18650.541666666668,21339,16060,1608.9212151156685,22173.333333333332,18,5279
2025-01-08,19047.75,21534,16423,1602.7344636182145,21384.333333333332,18,5111
2025-01-09,18918.125,21232,16713,1446.0175990419798,21172.416666666668,18,4519
2025-01-10,18856.083333333332,20755,16670,1329.538295691457,21408.833333333332,18,4085
2025-01-11,17672.375,19380,16044,1110.6488825085032,20250.666666666668,18,3336
2025-01-12,17100.625,19509,15223,1368.9655508258143,19837.708333333332,18,4286
2025-01-13,18042.541666666668,20376,14929,1834.4173338447686,21018.5,18,5447
2025-01-14,18603.083333333332,20685,15695,1713.0618130593887,21552.541666666668,18,4990
2025-01-15,18736.541666666668,20834,16081,1635.7454883129674,21622.625,18,4753
2025-01-16,18778.875,21037,15882,1790.7533831736368,21467.5,18,5155
2025-01-17,17806.083333333332,19632,15744,1302.4965965629133,20344.416666666668,18,3888
2025-01-18,17144.916666666668,19341,14524,1628.9841570923802,19842.125,19,4817
2025-01-19,18024.75,20828,15803,1624.4181366288349,20393.291666666668,18,5025
2025-01-20,19369.083333333332,21701,16590,1606.2570836701634,23251.333333333332,19,5111
2025-01-21,19595.25,21602,17399,1371.3884823656701,23420.458333333332,18,4203
2025-01-22,19914.958333333332,21940,17706,1391.2071854943135,23743.666666666668,18,4234
2025-01-23,19419.791666666668,21064,17191,1347.530881445496,22991.125,19,3873
2025-01-24,19188.375,21117,16782,1445.4231158023056,21764.041666666668,18,4335
2025-01-25,17890.333333333332,19600,16251,1111.8570703681007,20890.75,18,3349
2025-01-26,16976.375,19837,15063,1420.9433122891037,19571.791666666668,19,4774
2025-01-27,17806.791666666668,20384,15259,1602.1859789774364,20478.666666666668,19,5125
2025-01-28,18549.25,20957,15831,1685.414495528957,20886.583333333332,18,5126
2025-01-29,18405.458333333332,20862,15577,1702.3759606009132,21016.208333333332,19,5285
2025-01-30,18821.25,20333,16934,1247.9370890637372,21634.958333333332,18,3399
2025-01-31,18142.541666666668,19617,15805,1403.5121467285173,20894.958333333332,18,3812
2025-02-01,18119.291666666668,20377,16135,1262.2036106390076,20479.666666666668,19,4242
2025-02-02,18299.958333333332,20650,16214,1463.7622900138763,20899.958333333332,18,4436
2025-02-03,18624.291666666668,20176,16031,1559.3988384370568,20941.875,12,4145
2025-02-04,18462.083333333332,20761,15709,1640.4414813162903,20450.333333333332,19,5052
2025-02-05,18893.25,20829,16682,1348.4131494980054,21436.666666666668,19,4147
2025-02-06,18950.541666666668,20664,16445,1552.846474092481,21376.625,11,4219
2025-02-07,18353.875,20480,16042,1403.0207569972779,20791.833333333332,19,4438
2025-02-08,17844.125,19589,16034,1155.905265882829,19771.875,19,3555
2025-02-09,17540.541666666668,19986,15606,1337.363889187027,19917.25,19,4380
2025-02-10,18516.541666666668,20923,15875,1633.863146287687,20594.708333333332,19,5048
2025-02-11,18483.125,20513,16032,1442.9988493924152,20554.833333333332,19,4481
2025-02-12,18917.958333333332,21036,16534,1463.3990652844348,22070.5,19,4502
2025-02-13,18647.541666666668,20207,16720,1237.667756891676,21033.958333333332,19,3487
2025-02-14,18571.375,20394,16428,1262.3593442956092,20882.833333333332,19,3966
2025-02-15,17929.291666666668,19835,16087,1271.6360731499524,20062.75,19,3748
2025-02-16,17766.208333333332,19701,15603,1490.6520306393695,20249.625,19,4098
2025-02-17,17671.041666666668,19971,15699,1355.4405181299594,20773.041666666668,19,4272
2025-02-18,19045.166666666668,21272,16482,1483.9102769860879,22184.666666666668,19,4790
2025-02-19,19225.375,21302,17120,1337.400977642832,21880.5,19,4182
2025-02-20,18936.333333333332,20709,16881,1284.0290416147704,21061.5,20,3828
2025-02-21,18609.333333333332,20348,16685,1237.3218858790776,20873.208333333332,19,3663
2025-02-22,17400.166666666668,19220,15798,994.6175872804265,20182.583333333332,19,3422
2025-02-23,17121.166666666668,19291,15381,1228.1116174548365,19476.958333333332,19,3910
2025-02-24,16998.375,18840,14786,1320.5609747540925,19620.958333333332,19,4054
2025-02-25,16947.291666666668,18937,14509,1402.518711931802,19175.5,20,4428
2025-02-26,16912.125,18956,14853,1258.235352025588,18561.125,19,4103
2025-02-27,17444.083333333332,19112,15037,1394.8700084881432,19420.416666666668,18,4075
2025-02-28,17316.458333333332,19089,15246,1193.2856715139835,19323.25,19,3843
2025-03-01,17055.291666666668,19773,14718,1454.647678220956,19503.791666666668,19,5055
2025-03-02,17803.583333333332,20301,16306,1215.6373857459237,19891.041666666668,19,3995
2025-03-03,17686.208333333332,19665,15982,1197.970348009559,19940.291666666668,19,3683
2025-03-04,17448.166666666668,19596,15081,1395.4706442059548,19294.583333333332,18,4515
2025-03-05,16677.416666666668,18238,14479,1294.232151632327,18454.375,18,3759
2025-03-06,17231.625,19692,14232,1768.8476920324983,19232.666666666668,19,5460
2025-03-07,16926.291666666668,18863,15355,1062.0605271856205,18832.583333333332,19,3508
2025-03-08,16141.625,18235,14981,898.3854025537923,18162.958333333332,19,3254
2025-03-09,15455.125,17161,14472,830.3002763537073,17330.5,19,2689
2025-03-10,15710.416666666666,17677,13813,1188.9351800324698,17651.916666666668,8,3864
2025-03-11,15518.333333333334,18023,13673,1255.3992840203623,17685.875,20,4350
2025-03-12,16762.875,18597,14827,1154.294526219748,18398.583333333332,19,3770
2025-03-13,16290.875,18083,14948,1048.9261304657796,17839.833333333332,8,3135
2025-03-14,15457.708333333334,16823,13969,849.4343119761048,17261.166666666668,7,2854
2025-03-15,14702.041666666666,16097,13234,979.5470328130009,17496.041666666668,11,2863
2025-03-16,14596.916666666666,16649,12437,1362.1139873346701,17414.666666666668,19,4212
2025-03-17,16141.375,18403,13617,1485.5142810985783,18004.125,20,4786
2025-03-18,15472.166666666666,17261,13706,1083.8019900439326,17296.916666666668,7,3555
2025-03-19,14930.541666666666,16660,13098,1187.5984162116442,16819.75,20,3562
2025-03-20,15624.416666666666,17895,12623,1677.5155780179073,17862.208333333332,19,5272
2025-03-21,15502.458333333334,17477,14244,1035.7200385183273,17577.541666666668,7,3233
2025-03-22,15556.458333333334,17538,13303,1309.9123428743214,17684.833333333332,20,4235
2025-03-23,15589.208333333334,17747,14412,980.1149435327641,17090.708333333332,19,3335
2025-03-24,16677.291666666668,18184,14278,1414.1670610112778,19216.541666666668,20,3906
2025-03-25,16669.416666666668,18578,14268,1370.9285623942644,18731.625,19,4310
2025-03-26,16471.0,18517,14539,1217.6968281215939,18202.875,20,3978
2025-03-27,15884.125,17902,14590,1083.3971656222197,17930.375,7,3312
2025-03-28,16518.75,18022,14247,1327.5577200257621,18201.75,19,3775
2025-03-29,16193.625,17791,14099,1351.1318222464292,17904.208333333332,19,3692
2025-03-30,15280.75,16521,13626,1059.7001729365427,17556.458333333332,17,2895
2025-03-31,15558.583333333334,17511,12761,1525.201224547868,18294.625,20,4750
2025-04-01,15656.708333333334,17846,14012,1083.4229363724824,17389.875,20,3834
2025-04-02,16920.708333333332,19492,14014,1740.6859836973983,18721.666666666668,17,5478
2025-04-03,15444.541666666666,16951,14195,921.8945511314171,17803.125,20,2756
2025-04-04,15011.25,16611,13626,967.9883780294055,16945.791666666668,20,2985
2025-04-05,15080.083333333334,16775,12739,1441.3619741687753,17071.291666666668,11,4036
2025-04-06,14526.583333333334,16931,12881,1184.7437777176028,16777.916666666668,20,4050
2025-04-07,15603.5,17634,13626,1148.73843846195,18384.666666666668,20,4008
2025-04-08,16408.125,18478,14095,1318.6465496205135,18664.875,20,4383
2025-04-09,16212.958333333334,17827,14843,917.9031624194951,17745.0,7,2984
2025-04-10,16425.25,18157,14221,1236.5603503266632,18103.833333333332,20,3936
2025-04-11,16223.5,17622,14367,1082.6967137259833,17917.041666666668,8,3255
2025-04-12,14850.125,16031,13698,773.2290460198035,17018.291666666668,9,2333
2025-04-13,14013.875,16034,13193,828.7022495916494,16405.25,20,2841
2025-04-14,14794.958333333334,16376,12642,1153.8868333919763,18028.541666666668,20,3734
2025-04-15,15260.208333333334,17432,12736,1427.4554429706966,18392.708333333332,20,4696
2025-04-16,15903.625,17651,13810,1204.1773238082149,18793.083333333332,20,3841
2025-04-17,15078.041666666666,17008,13661,899.9557708536313,17523.333333333332,7,3347
2025-04-18,13972.958333333334,15372,12579,859.9872839892392,17398.0,12,2793
2025-04-19,13720.083333333334,14845,11758,1154.663019415534,17163.041666666668,11,3087
2025-04-20,13269.291666666666,14842,12228,717.3661656223479,16333.791666666666,20,2614
2025-04-21,14784.916666666666,16250,12230,1463.3432512621541,18407.791666666668,20,4020
2025-04-22,14631.333333333334,16409,12576,1142.5365626978646,17688.208333333332,20,3833
2025-04-23,14574.958333333334,16385,12831,1047.9252578378362,17447.208333333332,20,3554
2025-04-24,14744.416666666666,16312,12468,1206.1207638961575,17849.25,20,3844
2025-04-25,14579.208333333334,16237,12451,1179.8580599659722,18106.375,20,3786
2025-04-26,14099.333333333334,15742,12024,1260.088011648969,18027.458333333332,20,3718
2025-04-27,13372.458333333334,15295,12347,887.1214798028144,16292.333333333334,20,2948
2025-04-28,14286.75,15860,12540,1077.320316905511,17160.0,20,3320
2025-04-29,14434.708333333334,16481,11772,1519.397262623132,17381.791666666668,17,4709
2025-04-30,14571.583333333334,16264,12550,1170.0824912081562,17076.458333333332,20,3714
2025-05-01,14857.608695652174,16291,12249,1330.652121027008,16079.173913043478,16,4042
2025-05-02,14518.833333333334,15670,12522,1092.3726337722364,16429.375,21,3148
2025-05-03,13836.041666666666,15138,12156,1001.3848445448231,16161.166666666666,20,2982
2025-05-04,13347.458333333334,15502,11782,1164.5597406285146,16872.5,20,3720
2025-05-05,14501.0,16084,12003,1384.2108095291671,17139.208333333332,20,4081
2025-05-06,14672.708333333334,16262,12402,1236.5218568776822,17488.958333333332,20,3860
2025-05-07,14596.0,16311,12273,1336.1543454192,17914.5,20,4038
2025-05-08,14565.291666666666,16107,12339,1170.0880486812375,17835.541666666668,20,3768
2025-05-09,14418.125,15901,13041,899.1014022465645,18097.541666666668,20,2860
2025-05-10,13366.708333333334,14623,12366,690.0109311778525,17369.375,21,2257
2025-05-11,13061.833333333334,15090,11699,1010.5361326357016,16941.5,21,3391
2025-05-12,14644.0,16866,12026,1535.1626737198274,17853.25,19,4840
2025-05-13,14836.708333333334,16839,12311,1482.6439509015406,18710.541666666668,20,4528
2025-05-14,15102.375,16902,12580,1523.477595403245,18954.625,17,4322
2025-05-15,15478.166666666666,17674,12679,1699.7092504990032,19055.666666666668,19,4995
2025-05-16,15779.333333333334,18153,12896,1778.0501696513245,18988.666666666668,19,5257
2025-05-17,14069.625,15272,12423,1063.2806007209792,17617.958333333332,17,2849
2025-05-18,13391.666666666666,14717,11635,1071.5430834596168,16781.25,19,3082
2025-05-19,13171.916666666666,15267,11839,1038.287256753271,16677.791666666668,21,3428
2025-05-20,14161.75,15707,11900,1197.1718575550203,17765.0,21,3807
2025-05-21,14887.708333333334,16768,12062,1598.8068507529283,17854.083333333332,20,4706
2025-05-22,15236.166666666666,16630,12682,1435.2960811552819,17506.958333333332,20,3948
2025-05-23,14917.333333333334,16188,12849,1176.7622000057272,17928.291666666668,20,3339
2025-05-24,13935.791666666666,14980,12593,835.5290944985844,17123.5,19,2387
2025-05-25,13531.666666666666,15234,12131,972.5703133926883,16333.5,21,3103
2025-05-26,14521.583333333334,16252,12368,1281.946241722587,16069.625,20,3884
2025-05-27,14592.75,16398,12287,1400.7251926118088,16852.416666666668,20,4111
2025-05-28,14707.666666666666,16660,12001,1527.5333246679152,17219.666666666668,20,4659
2025-05-29,14893.708333333334,16301,12647,1331.3609734653733,17317.708333333332,20,3654
2025-05-30,14641.708333333334,16455,12134,1398.294255253651,16915.75,17,4321
2025-05-31,13264.125,14462,11600,965.706783859005,16684.208333333332,20,2862
2025-06-01,13094.916666666666,15134,11536,1139.4744752341524,15841.583333333334,21,3598
2025-06-02,14210.75,16226,12029,1341.748089166745,16789.375,19,4197
2025-06-03,14773.041666666666,17267,11768,1837.690835500916,18092.333333333332,18,5499
2025-06-04,16381.666666666666,19910,12238,2583.5853023449313,19085.583333333332,17,7672
2025-06-05,15841.25,17465,13334,1438.5682269111403,18121.208333333332,18,4131
2025-06-06,15527.791666666666,17743,12466,1814.7586252043611,18404.041666666668,17,5277
2025-06-07,14613.25,17240,12155,1702.5299652601395,17212.583333333332,18,5085
2025-06-08,14002.708333333334,16628,11568,1715.9753844177185,16778.875,18,5060
2025-06-09,15433.625,17572,12285,1813.0194083351673,17923.458333333332,18,5287
2025-06-10,15061.333333333334,16939,12635,1440.3177386971931,17456.625,19,4304
2025-06-11,15690.833333333334,18869,12300,2164.5711828898357,18504.125,19,6569
2025-06-12,15549.791666666666,17934,13060,1592.0918145680214,18099.75,18,4874
2025-06-13,14858.291666666666,16495,12652,1276.716967686929,17604.25,17,3843
2025-06-14,14045.333333333334,16122,12226,1259.4254268503157,16421.75,19,3896
2025-06-15,14430.291666666666,17214,11939,1857.1134094555744,16580.916666666668,19,5275
2025-06-16,16575.0,20065,12652,2581.2351104950076,18631.666666666668,18,7413
2025-06-17,17433.625,20833,13466,2556.0344764038728,19941.875,18,7367
2025-06-18,18240.833333333332,20528,14432,2246.4407532741698,20429.208333333332,13,6096
2025-06-19,16674.625,18365,14072,1557.161012380627,19535.958333333332,13,4293
2025-06-20,16187.416666666666,18764,12859,2038.3689540300659,18697.0,18,5905
2025-06-21,16169.875,18777,12870,2151.85706072281,18506.875,19,5907
2025-06-22,19292.708333333332,23045,14219,3374.3631473749706,21112.333333333332,19,8826
2025-06-23,21623.375,24712,16544,2980.6076096705665,23726.166666666668,19,8168
2025-06-24,21924.958333333332,24862,17391,2679.8821758520025,23802.333333333332,19,7471
2025-06-25,20020.5,22693,16722,2034.8990787922528,22439.458333333332,17,5971
2025-06-26,16754.541666666668,18060,14329,1113.2233644053529,20108.0,12,3731
2025-06-27,16949.416666666668,20251,13146,2403.0255370852938,20195.375,18,7105
2025-06-28,16824.708333333332,18966,14253,1817.125955270806,19197.083333333332,18,4713
2025-06-29,16195.916666666666,20352,12582,2672.2163560653526,18397.666666666668,19,7770
2025-06-30,17128.666666666668,19565,13264,2366.290210924863,19330.25,13,6301
2025-07-01,17889.791666666668,21018,14156,2461.5313716953883,20216.458333333332,18,6862
2025-07-02,18406.416666666668,21901,13770,2931.9624666419413,20274.708333333332,17,8131
2025-07-03,17490.75,20291,14230,2017.136999292078,19450.666666666668,18,6061
2025-07-04,16763.916666666668,20495,13131,2448.862378590385,18471.875,18,7364
2025-07-05,17984.708333333332,22019,13225,3199.4836061487313,19923.291666666668,18,8794
2025-07-06,19425.333333333332,22740,14680,2957.8773332984215,21216.958333333332,19,8060
2025-07-07,19605.208333333332,21832,16641,1903.4918708878772,22051.541666666668,15,5191
2025-07-08,18145.041666666668,21263,14642,2217.3613084252743,20827.708333333332,19,6621
2025-07-09,18195.333333333332,21727,14302,2418.650623918161,20062.416666666668,17,7425
2025-07-10,19043.291666666668,22884,14316,2988.2332060668505,20288.458333333332,17,8568
2025-07-11,19432.833333333332,22481,14884,2737.5346520207722,20778.125,18,7597
2025-07-12,19643.958333333332,22837,15213,2795.1728495851485,21324.458333333332,18,7624
2025-07-13,19490.333333333332,22918,15793,2464.5972713903857,20550.291666666668,18,7125
2025-07-14,19510.625,22914,15149,2735.2250811524113,20708.0,17,7765
2025-07-15,19872.25,23261,14941,3075.3634249714587,21314.0,17,8320
2025-07-16,20439.208333333332,23611,15292,3009.405906691864,22251.0,15,8319
2025-07-17,18966.083333333332,21217,14829,1916.8622212778673,21906.25,14,6388
2025-07-18,16232.166666666666,19204,13137,1982.624450102673,19300.083333333332,19,6067
2025-07-19,16088.0,19450,12729,2321.228479097633,19017.291666666668,17,6721
2025-07-20,16946.208333333332,20177,13764,2259.698882963539,19618.208333333332,18,6413
2025-07-21,16404.208333333332,19582,13253,2022.5405672110728,19071.958333333332,18,6329
2025-07-22,16571.416666666668,19907,12905,2344.2435864802155,18995.583333333332,18,7002
2025-07-23,17731.291666666668,22095,13338,2958.9637651390362,19768.125,18,8757
2025-07-24,19939.75,24528,14005,3769.7239346506863,22264.208333333332,19,10523
2025-07-25,20082.583333333332,23055,16410,2432.4802678795118,22215.041666666668,17,6645
2025-07-26,18632.541666666668,21911,14548,2689.191327925258,20094.958333333332,15,7363
2025-07-27,19553.75,23347,15323,2951.6795845018864,20516.625,18,8024
2025-07-28,20808.541666666668,24211,15706,3129.1085545270703,22181.833333333332,16,8505
2025-07-29,20724.291666666668,23607,16639,2538.7128453670935,22009.375,18,6968
2025-07-30,19739.333333333332,23048,15913,2561.3128540324556,21680.333333333332,15,7135
2025-07-31,16829.25,19080,14278,1568.474702156317,19851.583333333332,17,4802
2025-08-01,16165.083333333334,18689,13216,1854.9152076405628,18614.791666666668,19,5473
2025-08-02,15549.625,18854,12660,2111.469564740654,17543.708333333332,18,6194
2025-08-03,16140.25,19854,12602,2571.3283532057903,17787.958333333332,18,7252
2025-08-04,16905.083333333332,20900,13121,2771.876666380234,18647.916666666668,17,7779
2025-08-05,18426.708333333332,22514,13812,2971.254872932906,19932.166666666668,18,8702
2025-08-06,18719.875,22638,14453,2828.020437053328,20259.0,17,8185
2025-08-07,19038.041666666668,22703,14771,2763.285276609626,20301.458333333332,17,7932
2025-08-08,19273.708333333332,22643,14756,2820.329929499717,20618.666666666668,16,7887
2025-08-09,19473.708333333332,23248,14810,3173.8389931926517,20904.375,18,8438
2025-08-10,20027.583333333332,24063,15092,3299.3907463502196,21174.083333333332,18,8971
2025-08-11,21275.125,24789,16089,3160.825928284098,22338.125,18,8700
2025-08-12,21274.75,24006,17087,2542.437468770607,22268.25,13,6919
2025-08-13,20333.291666666668,23843,16681,2484.2046488401147,21466.833333333332,17,7162
2025-08-14,19179.625,22949,14950,2781.7492277889373,20483.25,18,7999
2025-08-15,19167.583333333332,23257,14654,2981.8800156170314,20588.958333333332,17,8603
2025-08-16,18977.958333333332,23079,14550,3088.9225851935557,20200.791666666668,18,8529
2025-08-17,17224.083333333332,19103,14430,1446.5779384063821,20070.25,18,4673
2025-08-18,16009.875,18932,12834,1940.5135427980415,19066.583333333332,17,6098
2025-08-19,16349.416666666666,18418,13283,1841.3617106031509,19001.541666666668,17,5135
2025-08-20,16477.375,18222,13876,1482.376376911777,18915.291666666668,20,4346
2025-08-21,16620.208333333332,19597,13371,2076.332426663537,18602.75,18,6226
2025-08-22,17388.333333333332,20922,13681,2538.7388801232164,18989.958333333332,17,7241
2025-08-23,16345.125,18466,13382,1864.781216040009,18269.541666666668,17,5084
2025-08-24,15735.083333333334,18610,12931,1965.4576171791489,17536.083333333332,18,5679
2025-08-25,15607.125,17804,12929,1630.5669676126668,17762.541666666668,18,4875
2025-08-26,15129.208333333334,17083,12717,1456.3057783060312,17083.875,20,4366
2025-08-27,15105.166666666666,17396,12512,1575.7523438901687,16836.0,18,4884
2025-08-28,15384.916666666666,17028,12601,1643.1718245294787,17448.0,20,4427
2025-08-29,14757.083333333334,16330,12751,1192.1235315573438,16653.708333333332,20,3579
2025-08-30,13927.916666666666,15809,12170,1149.9528125164488,15569.0,18,3639
2025-08-31,14020.875,16710,12133,1500.8615297627355,15541.083333333334,18,4577
2025-09-01,14674.041666666666,17923,12202,1963.4679496983774,16238.75,18,5721
2025-09-02,16327.708333333334,19302,12627,2290.7964910497394,18044.416666666668,17,6675
2025-09-03,16513.625,19695,13188,2132.896108530045,18383.375,18,6507
2025-09-04,15796.458333333334,17509,13533,1389.6138963025312,17735.625,17,3976
2025-09-05,15089.458333333334,17010,12661,1427.2835853365002,18049.208333333332,20,4349
2025-09-06,14197.625,15799,12477,1078.4611344310285,16466.5,20,3322
2025-09-07,13949.916666666666,16281,12227,1273.2252069199042,15869.083333333334,20,4054
2025-09-08,14919.916666666666,17145,12254,1556.7014155262548,16339.083333333334,20,4891
2025-09-09,15005.208333333334,17281,12548,1502.5479513195216,16614.875,18,4733
2025-09-10,15614.875,18051,12662,1804.0995179457739,17459.666666666668,18,5389
2025-09-11,15858.375,18484,12895,1834.9395159443034,17365.75,18,5589
2025-09-12,15736.958333333334,17999,13195,1622.3395741461084,17287.416666666668,17,4804
2025-09-13,15090.75,17185,12827,1510.4670527327976,16737.333333333332,18,4358
2025-09-14,15268.541666666666,18520,12480,2125.9730453354186,16997.25,18,6040
2025-09-15,16128.208333333334,19467,12865,2108.112136675158,18334.25,18,6602
2025-09-16,16145.166666666666,19530,12943,2133.7362345989673,18250.083333333332,17,6587
2025-09-17,16316.875,19544,13031,2200.161403417248,18429.875,18,6513
2025-09-18,16660.666666666668,19931,13241,2273.6275490686817,18682.625,17,6690
2025-09-19,15658.833333333334,17872,13280,1468.594053083977,18215.125,17,4592
2025-09-20,14065.416666666666,16056,12455,1106.9050827956485,16450.916666666668,18,3601
2025-09-21,14773.791666666666,17860,12020,1976.002749935745,16570.333333333332,17,5840
2025-09-22,16702.875,19464,13044,2087.966377217627,18218.458333333332,17,6420
2025-09-23,16890.375,19379,13548,1956.9240906941507,17777.833333333332,17,5831
2025-09-24,16464.041666666668,18417,13511,1699.918245583202,17993.875,19,4906
2025-09-25,16305.375,18181,13419,1680.0723538379032,17892.0,19,4762
2025-09-26,16024.375,18302,13185,1733.390490452541,17629.333333333332,17,5117
2025-09-27,15288.291666666666,17844,12844,1683.0420046727156,16723.666666666668,18,5000
2025-09-28,14842.541666666666,17861,12469,1752.1722413637872,16033.875,18,5392
2025-09-29,15700.75,18999,12504,2032.397026644411,16782.333333333332,17,6495
2025-09-30,15377.041666666666,18155,12723,1689.7265402416751,16980.541666666668,17,5432
2025-10-01,14667.458333333334,16697,12412,1369.578163528645,16701.333333333332,19,4285
2025-10-02,14818.333333333334,16997,12406,1486.2563903886216,16649.708333333332,18,4591
2025-10-03,15239.208333333334,17882,12638,1617.7535142817694,16761.833333333332,18,5244
2025-10-04,15212.791666666666,18555,12599,1959.0483044218106,16634.291666666668,17,5956
2025-10-05,15581.375,19380,12472,2357.3016964409708,17276.958333333332,17,6908
2025-10-06,16739.833333333332,20335,13113,2355.549205168726,18753.958333333332,17,7222
2025-10-07,16372.041666666666,18041,13687,1646.2490825105006,18379.0,13,4354
2025-10-08,14708.125,16633,12761,1133.2576096292532,17084.958333333332,19,3872
2025-10-09,14834.083333333334,16906,12658,1303.4979333772799,16617.375,19,4248
2025-10-10,14829.833333333334,16696,13141,1095.2906172481735,16669.0,19,3555
2025-10-11,14262.958333333334,15623,12496,1065.3274442188167,15888.208333333334,18,3127
2025-10-12,13652.458333333334,15047,12219,950.2935921239726,15643.666666666666,19,2828
2025-10-13,13709.666666666666,15734,11809,1272.1749834066854,15778.958333333334,19,3925
2025-10-14,14893.333333333334,17024,12535,1426.9706638057837,16483.833333333332,19,4489
2025-10-15,14881.791666666666,16660,12807,1249.4355239960128,16552.958333333332,19,3853
2025-10-16,14849.291666666666,16981,13035,1206.617639777899,16239.166666666666,19,3946
2025-10-17,15466.041666666666,16890,13408,1288.1364861240675,16948.25,17,3482
2025-10-18,14261.791666666666,15793,12737,974.5658109781698,16140.458333333334,17,3056
2025-10-19,14190.708333333334,16354,12088,1520.3120240142553,16016.708333333334,16,4266
2025-10-20,14977.416666666666,17007,12302,1520.0798296161286,16848.416666666668,19,4705
2025-10-21,15190.166666666666,16889,12843,1361.2332537131522,17286.708333333332,19,4046
2025-10-22,15353.666666666666,17057,12901,1406.4933473827323,17472.5,19,4156
2025-10-23,15512.041666666666,17191,13108,1371.690023266021,17869.166666666668,19,4083
2025-10-24,15592.916666666666,17058,13528,1229.3942275229156,17782.166666666668,18,3530
2025-10-25,14844.125,16441,13383,944.5695735877932,16724.0,18,3058
2025-10-26,14561.291666666666,16710,13166,1072.9647459327311,16136.375,19,3544
2025-10-27,15498.541666666666,17510,13522,1248.4548355664597,17449.541666666668,19,3988
2025-10-28,15447.833333333334,17430,13621,1197.9075839605262,17656.416666666668,19,3809
2025-10-29,15567.541666666666,17264,13814,1070.5741644868262,17667.208333333332,19,3450
2025-10-30,16238.875,17854,13742,1470.0220144018554,18345.0,17,4112
2025-10-31,15866.75,17455,13739,1232.3435873940782,18020.916666666668,17,3716
2025-11-01,15406.25,16892,13693,1062.1681374311288,16835.666666666668,19,3199
2025-11-02,14887.541666666666,17169,13606,1026.2855344339644,16652.791666666668,18,3563
2025-11-03,15881.875,17853,13202,1614.2794950204486,19014.5,18,4651
2025-11-04,15529.25,17755,13764,1242.148393081431,17763.125,18,3991
2025-11-05,16209.75,17848,13628,1508.3007787342801,18378.25,18,4220
2025-11-06,16312.916666666666,18256,14154,1320.5687811685925,17904.583333333332,19,4102
2025-11-07,16570.208333333332,18464,14249,1455.850983152097,19006.333333333332,17,4215
2025-11-08,15639.541666666666,17722,13627,1213.2085013523538,17181.875,18,4095
2025-11-09,16653.791666666668,19056,14091,1683.4999510379928,18599.0,18,4965
2025-11-10,17671.791666666668,19731,15033,1648.934859872108,18845.041666666668,18,4698
2025-11-11,17460.75,19581,15230,1332.2526281518037,19445.125,18,4351
2025-11-12,17040.666666666668,18833,14939,1305.858094250229,19366.166666666668,18,3894
2025-11-13,16684.0,18969,14445,1411.4370721699395,18747.166666666668,18,4524
2025-11-14,16719.708333333332,18429,14707,1172.868593372181,18148.625,18,3722
2025-11-15,16029.041666666666,17978,13999,1327.411783007317,18241.375,18,3979
2025-11-16,15934.625,18511,13643,1546.780072405674,18155.208333333332,18,4868
2025-11-17,17179.041666666668,19530,14571,1580.7514030322436,18645.083333333332,18,4959
2025-11-18,17312.416666666668,19192,15096,1326.0820984705508,18595.708333333332,18,4096
2025-11-19,17125.75,19199,15221,1251.4887916606258,18557.333333333332,18,3978
2025-11-20,17201.208333333332,19150,15201,1177.764130042382,18646.291666666668,18,3949
2025-11-21,16789.125,18466,14660,1166.2324070158193,18445.208333333332,18,3806
2025-11-22,16037.041666666666,18278,14367,1140.6739990468143,17305.166666666668,18,3911
2025-11-23,15852.625,18430,13764,1303.1097525434736,17555.958333333332,18,4666
2025-11-24,16660.083333333332,19053,14277,1458.4816976290244,17917.208333333332,18,4776
2025-11-25,16931.833333333332,18879,14414,1479.5962042179722,18003.625,18,4465
2025-11-26,16790.666666666668,18870,14183,1497.9163982785824,18060.583333333332,18,4687
2025-11-27,17453.75,19641,14843,1491.6603019862594,18753.583333333332,18,4798
2025-11-28,17505.25,19474,15010,1382.9727983115097,18825.0,18,4464
2025-11-29,17109.875,19077,15477,1023.9714802626604,18362.333333333332,18,3600
2025-11-30,17128.375,19277,14905,1469.6618603255827,18763.291666666668,18,4372
2025-12-01,18266.791666666668,20802,15348,1744.6919992082985,19702.541666666668,18,5454
2025-12-02,18340.833333333332,20003,16239,1273.5268272439894,19785.708333333332,18,3764
2025-12-03,18354.791666666668,20415,15732,1541.467482040541,21079.208333333332,18,4683
2025-12-04,18925.75,21406,16115,1713.886639496172,21324.625,18,5291
2025-12-05,18813.583333333332,20729,17071,1110.4658605901548,21476.708333333332,18,3658
2025-12-06,17643.083333333332,19481,15643,1300.3463056019937,20635.625,18,3838
2025-12-07,17750.75,20147,15335,1578.136276972192,20141.166666666668,18,4812
2025-12-08,19087.208333333332,21364,16401,1579.0817358905742,21140.625,18,4963
2025-12-09,19283.291666666668,21394,16914,1510.2123512984829,22260.625,18,4480
2025-12-10,18740.583333333332,20526,16247,1472.6127894107897,21621.916666666668,18,4279
2025-12-11,19087.166666666668,21115,16523,1469.495023192799,21383.875,18,4592
2025-12-12,18854.0,20559,16954,1130.8952975024008,20853.333333333332,18,3605
2025-12-13,18194.875,20329,16068,1377.2657320717494,21202.666666666668,18,4261
2025-12-14,18639.0,21148,16499,1451.3465711418526,21488.375,18,4649
2025-12-15,19582.166666666668,21130,17144,1437.4627607022712,22595.125,18,3986
2025-12-16,18943.0,20473,16741,1297.3780582725135,21999.833333333332,18,3732
2025-12-17,18305.875,20112,15801,1436.5413268317934,21281.416666666668,18,4311
2025-12-18,17704.666666666668,19208,15621,1190.7787246228802,20552.875,17,3587
2025-12-19,18175.291666666668,20170,15181,1763.7075938060927,20887.375,18,4989
2025-12-20,17873.875,19362,15991,1214.9528998743292,20297.875,13,3371
2025-12-21,17622.5,20108,15183,1559.4378028217618,20053.0,18,4925
2025-12-22,18295.5,19992,16268,1246.1640969478049,20625.583333333332,18,3724
2025-12-23,17802.791666666668,19312,15728,1262.4226529614177,20583.291666666668,18,3584
2025-12-24,16710.958333333332,18576,14840,1114.2058774386537,19005.625,18,3736
2025-12-25,16043.916666666666,18020,14264,1177.5791643901478,18488.333333333332,18,3756
2025-12-26,17656.25,19569,15235,1593.8116535389381,20447.958333333332,18,4334
2025-12-27,17885.75,19865,15966,1263.4667714699478,20610.416666666668,18,3899
2025-12-28,17690.25,19624,15767,1286.2933687284467,20487.208333333332,18,3857
2025-12-29,17428.583333333332,19716,14703,1656.1521384815774,20636.833333333332,18,5013
2025-12-30,18018.916666666668,20155,15838,1368.5805377856977,21443.0,18,4317
2025-12-31,17826.375,19558,15807,1182.9858984238012,21191.791666666668,18,3751
2026-01-01,17684.291666666668,19910,16155,1103.4869428185436,21060.166666666668,18,3755
2026-01-02,18236.666666666668,20268,16133,1281.2447977978504,21369.458333333332,18,4135
2026-01-03,18308.083333333332,20512,16395,1272.4086340024808,21406.541666666668,18,4117
2026-01-04,18312.541666666668,20708,16452,1347.6371263345945,21227.458333333332,18,4256
2026-01-05,18847.416666666668,20931,16175,1604.7788935244155,21729.375,18,4756
2026-01-06,18788.041666666668,20894,16225,1597.1617891738758,21482.916666666668,18,4669
2026-01-07,18295.0,19978,16041,1354.386272048356,20876.833333333332,18,3937
2026-01-08,17324.25,18853,15301,1226.6063203886536,20327.125,18,3552
2026-01-09,16877.166666666668,18521,14674,1322.8326873949634,19803.208333333332,18,3847
2026-01-10,16910.791666666668,19238,14734,1491.6577291044687,19273.125,18,4504
2026-01-11,17051.666666666668,19766,14679,1621.084813023208,19453.625,18,5087
2026-01-12,18162.375,20127,15334,1585.4730692322944,21117.041666666668,18,4793
2026-01-13,17735.958333333332,19575,15550,1358.4860332503365,20080.916666666668,18,4025
2026-01-14,17884.375,20124,14815,1771.666467101572,20557.958333333332,18,5309
2026-01-15,19561.166666666668,21616,16695,1682.8333423042857,22343.791666666668,18,4921
2026-01-16,19412.208333333332,20958,17267,1320.0029966753418,22532.041666666668,18,3691
2026-01-17,17735.333333333332,19428,16016,1104.6510236531585,20567.416666666668,18,3412
2026-01-18,18048.041666666668,20519,15842,1463.245751274607,21172.75,18,4677
2026-01-19,19164.416666666668,21400,16583,1548.9856966433852,22104.958333333332,18,4817
2026-01-20,19572.708333333332,21517,17384,1324.1061785602583,23023.166666666668,19,4133
2026-01-21,19413.125,21128,17248,1348.4408165987734,22601.916666666668,18,3880
2026-01-22,18722.125,20869,16222,1515.1057162857462,21475.666666666668,19,4647
2026-01-23,19720.583333333332,22042,17098,1594.0582858981616,22741.916666666668,19,4944
2026-01-24,19637.875,21477,18147,1016.3386679859606,22118.5,18,3330
2026-01-25,19525.708333333332,21751,17411,1529.768566729498,22696.5,19,4340
2026-01-26,19662.166666666668,21607,17349,1362.9403848861564,22174.625,19,4258
2026-01-27,19596.791666666668,21456,17035,1468.8428447373904,22804.916666666668,19,4421
2026-01-28,19536.083333333332,21391,17270,1324.816965755505,22609.708333333332,19,4121
2026-01-29,19700.166666666668,21876,17138,1495.5634002134354,22185.75,19,4738
2026-01-30,19942.583333333332,21737,17725,1221.8996940497368,21974.041666666668,19,4012
2026-01-31,18902.5,20609,17386,923.9723786573576,21333.958333333332,19,3223
2026-02-01,18449.916666666668,20552,17111,1003.4759985720389,21318.166666666668,19,3441
2026-02-02,19178.666666666668,21220,17008,1334.393288830306,21523.583333333332,19,4212
2026-02-03,19323.916666666668,21158,17008,1336.4259577618614,21397.583333333332,19,4150
2026-02-04,19077.625,20659,17319,1125.0517983244351,20604.958333333332,19,3340
2026-02-05,19108.208333333332,20702,16997,1184.5212197033609,21433.208333333332,19,3705
2026-02-06,19137.708333333332,20290,17148,1100.4550236415698,21995.458333333332,10,3142
2026-02-07,19169.208333333332,21353,17343,1179.124582390304,21970.458333333332,19,4010
2026-02-08,19231.791666666668,21522,17739,1074.1479526933704,20982.75,19,3783
2026-02-09,19814.083333333332,21601,17742,1250.2113531464317,21683.708333333332,19,3859
2026-02-10,18933.708333333332,20549,16994,1176.0002025719534,21447.416666666668,19,3555
2026-02-11,18597.541666666668,20355,15921,1504.6812165391696,21122.125,19,4434
2026-02-12,18573.458333333332,20485,16483,1269.735062374504,20671.375,19,4002
2026-02-13,18269.333333333332,19792,16985,952.3566497934465,20895.041666666668,8,2807
2026-02-14,17112.458333333332,18898,15654,933.4470935458942,19852.5,19,3244
2026-02-15,16522.666666666668,18735,15105,1054.9369512034796,19373.458333333332,19,3630
2026-02-16,16741.708333333332,18668,15246,965.8810566419195,19862.833333333332,19,3422
2026-02-17,17026.208333333332,18789,14929,1305.336937318306,19798.375,20,3860
2026-02-18,18261.166666666668,20223,15118,1854.1535199012835,21173.416666666668,18,5105
2026-02-19,17885.583333333332,19577,15944,1100.0348578139722,20582.333333333332,19,3633
2026-02-20,17914.416666666668,19581,15562,1466.834625593688,20928.375,18,4019
2026-02-21,17213.625,18987,15302,1229.6692666870972,19684.291666666668,18,3685
2026-02-22,17262.666666666668,19202,15521,1121.1167051947207,19603.625,19,3681
2026-02-23,18098.791666666668,20421,15608,1526.5252950571364,21412.083333333332,20,4813
2026-02-24,18802.041666666668,20825,17018,1194.4794929415784,21500.166666666668,19,3807
2026-02-25,18493.708333333332,20183,16646,1116.3099725032223,21618.041666666668,19,3537
2026-02-26,18361.583333333332,20145,16450,1156.9403019684462,20354.416666666668,20,3695
2026-02-27,17501.041666666668,19143,16037,956.2275279163053,20117.708333333332,9,3106
2026-02-28,16296.083333333334,18814,14525,1296.5882627836825,18844.583333333332,19,4289
2026-03-01,17428.625,20237,15651,1418.5247024714577,19804.958333333332,20,4586
2026-03-02,18431.583333333332,20395,17087,1132.1474752862812,21000.25,19,3308
2026-03-03,18284.166666666668,19937,16601,1054.7738956830958,20562.166666666668,19,3336
2026-03-04,17308.166666666668,18821,15834,945.6404623629272,19406.0,19,2987
2026-03-05,17376.416666666668,19563,15178,1402.9322682422567,20402.166666666668,19,4385
2026-03-06,17674.5,19177,15843,1121.9757805647637,20552.125,18,3334
2026-03-07,15753.416666666666,16964,14408,835.2361247323831,18692.833333333332,18,2556
2026-03-08,14908.833333333334,16817,13680,914.3420854775098,17593.0,20,3137
2026-03-09,15418.833333333334,17291,13478,1191.1019985771547,18400.666666666668,8,3813
2026-03-10,15800.208333333334,17539,13458,1297.2087083314755,18052.458333333332,19,4081
2026-03-11,17150.666666666668,18790,13893,1649.7491948163213,19368.125,11,4897
2026-03-12,17370.416666666668,19370,14988,1283.7110577190435,19473.625,19,4382
2026-03-13,17788.875,19268,15551,1291.3423858948865,20397.625,17,3717
2026-03-14,16554.125,17994,15058,881.8324455113468,18956.083333333332,20,2936
2026-03-15,16451.666666666668,17909,14763,1096.9188732503214,19327.666666666668,17,3146
2026-03-16,16790.833333333332,18713,13929,1503.0012197821616,20225.75,17,4784
2026-03-17,18087.5,20193,15693,1415.3059586258169,21179.916666666668,19,4500
2026-03-18,18287.083333333332,19752,16600,1051.8428100726126,21366.583333333332,19,3152
2026-03-19,17385.125,18949,15715,968.2264967005609,20242.208333333332,8,3234
2026-03-20,17424.833333333332,19747,14845,1552.8771520230969,20082.125,10,4902
2026-03-21,16167.916666666666,17442,14758,928.0709266686133,18738.125,17,2684
2026-03-22,16108.875,17610,14164,1285.8822149217926,19028.0,17,3446
2026-03-23,17207.375,19094,14477,1449.0764618857438,20408.125,20,4617
2026-03-24,17121.583333333332,18799,15674,993.1936155508727,20025.541666666668,7,3125
2026-03-25,16719.791666666668,18600,14970,1266.4543789022086,19638.583333333332,17,3630
2026-03-26,16786.458333333332,18000,14268,1332.8524162133606,19520.75,20,3732
2026-03-27,16666.333333333332,18831,14869,1198.7590201561763,19810.708333333332,7,3962
2026-03-28,16248.291666666666,17598,14989,711.6957385536059,19153.041666666668,20,2609
2026-03-29,15308.583333333334,16802,14052,790.667737431149,18477.833333333332,20,2750
2026-03-30,15437.041666666666,16853,13502,1079.4819401258972,18285.583333333332,8,3351
2026-03-31,16058.916666666666,17934,12868,1696.5250140178912,18764.0,17,5066
2026-04-01,16586.041666666668,17888,14058,1356.4013282969727,19585.875,20,3830
2026-04-02,16719.875,17978,14571,1253.8839247470764,19912.583333333332,17,3407
2026-04-03,14154.333333333334,15145,13397,477.0074893830665,17593.25,20,1748
2026-04-04,14996.0,16417,12910,1328.9197312757135,17865.916666666668,17,3507
2026-04-05,15062.833333333334,16555,12955,1225.7447662070845,17622.5,20,3600
2026-04-06,16245.5,17858,14095,1109.2419659976956,18353.708333333332,20,3763
2026-04-07,16790.416666666668,18461,14675,1146.924276969256,18809.875,20,3786
2026-04-08,16009.083333333334,17853,14643,954.874766050805,18156.541666666668,7,3210
2026-04-09,15407.541666666666,16948,13697,876.8251513354828,18208.833333333332,20,3251
2026-04-10,16293.541666666666,18011,13565,1518.4185989596765,17899.583333333332,11,4446
2026-04-11,14671.25,16148,13832,654.0415656250125,16565.041666666668,20,2316
2026-04-12,13785.0,13785,13785,,16157.0,1,0
