date,avg_temp_max_celsius,avg_temp_min_celsius,avg_temp_mean_celsius,avg_temp_range_celsius,total_precipitation_mm,avg_precipitation_mm,max_wind_speed_kmh,avg_wind_speed_kmh,rainy_city_count,hot_city_count,cold_city_count,day_of_week,is_weekend,month,season,temp_extreme_flag,temp_deviation_from_18,comfort_gap_celsius,wet_day_flag,ontario_demand_avg_mw,ontario_demand_peak_mw,ontario_demand_min_mw,ontario_demand_std_mw,market_demand_avg_mw,ontario_peak_hour,demand_range_mw,high_demand_day,demand_change_mw,demand_direction
2025-04-01,2.1333333333333333,-3.8333333333333335,-0.8500000000000001,5.966666666666666,0.0,0.0,19.2,18.0,0,0,3,Tuesday,0,4,Spring,1,18.85,-18.85,0,15656.708333333334,17846,14012,1083.4229363724824,17389.875,20,3834,0,,Flat
2025-04-02,2.733333333333333,-2.733333333333334,0.0,5.466666666666668,30.2,10.066666666666666,34.1,32.800000000000004,3,0,3,Wednesday,0,4,Spring,1,18.0,-18.0,1,16920.708333333332,19492,14014,1740.6859836973983,18721.666666666668,17,5478,0,1646.0,Up
2025-04-03,18.366666666666664,2.966666666666667,10.666666666666666,15.399999999999999,36.2,12.066666666666668,32.0,30.233333333333334,3,0,0,Thursday,0,4,Spring,0,7.333333333333334,-7.333333333333334,1,15444.541666666666,16951,14195,921.8945511314172,17803.125,20,2756,0,-2541.0,Down
2025-04-04,9.566666666666668,-0.4333333333333333,4.566666666666667,10.0,0.0,0.0,19.9,14.899999999999999,0,0,2,Friday,0,4,Spring,1,13.433333333333334,-13.433333333333334,0,15011.25,16611,13626,967.9883780294056,16945.791666666668,20,2985,0,-340.0,Down
2025-04-05,10.700000000000001,3.3333333333333335,7.016666666666667,7.366666666666667,19.7,6.566666666666666,24.6,23.46666666666667,3,0,0,Saturday,1,4,Spring,0,10.983333333333334,-10.983333333333334,1,15080.083333333334,16775,12739,1441.3619741687753,17071.291666666668,11,4036,0,164.0,Up
2025-04-06,4.7,-0.46666666666666673,2.1166666666666667,5.166666666666667,0.0,0.0,26.1,23.066666666666666,0,0,2,Sunday,1,4,Spring,1,15.883333333333333,-15.883333333333333,0,14526.583333333334,16931,12881,1184.7437777176028,16777.916666666668,20,4050,0,156.0,Up
2025-04-07,6.2,-3.3666666666666667,1.4166666666666667,9.566666666666666,2.6,0.8666666666666667,40.9,34.63333333333333,3,0,3,Monday,0,4,Spring,1,16.583333333333332,-16.583333333333332,1,15603.5,17634,13626,1148.73843846195,18384.666666666668,20,4008,0,703.0,Up
2025-04-08,-3.0666666666666664,-7.1000000000000005,-5.083333333333333,4.033333333333334,3.1,1.0333333333333334,39.7,36.46666666666667,2,0,3,Tuesday,0,4,Spring,1,23.083333333333332,-23.083333333333332,1,16408.125,18478,14095,1318.6465496205135,18664.875,20,4383,0,844.0,Up
2025-04-09,3.5666666666666664,-6.066666666666666,-1.2500000000000002,9.633333333333333,0.0,0.0,17.0,15.799999999999999,0,0,3,Wednesday,0,4,Spring,1,19.25,-19.25,0,16212.958333333334,17827,14843,917.9031624194952,17745.0,7,2984,0,-651.0,Down
2025-04-10,3.6666666666666665,-2.3333333333333335,0.6666666666666666,6.0,7.4,2.466666666666667,23.8,19.733333333333334,3,0,3,Thursday,0,4,Spring,1,17.333333333333332,-17.333333333333332,1,16425.25,18157,14221,1236.5603503266632,18103.83333333333,20,3936,0,330.0,Up
2025-04-11,5.0,0.6333333333333334,2.8166666666666664,4.366666666666666,3.1,1.0333333333333334,17.3,15.133333333333335,3,0,1,Friday,0,4,Spring,0,15.183333333333334,-15.183333333333334,1,16223.5,17622,14367,1082.6967137259833,17917.041666666668,8,3255,0,-535.0,Down
2025-04-12,9.666666666666666,-0.06666666666666665,4.8,9.733333333333333,0.6,0.19999999999999998,13.4,11.466666666666667,1,0,1,Saturday,1,4,Spring,1,13.2,-13.2,1,14850.125,16031,13698,773.2290460198035,17018.291666666668,9,2333,0,-1591.0,Down
2025-04-13,13.466666666666667,0.19999999999999996,6.833333333333333,13.266666666666666,0.0,0.0,13.2,12.6,0,0,1,Sunday,1,4,Spring,0,11.166666666666668,-11.166666666666668,0,14013.875,16034,13193,828.7022495916494,16405.25,20,2841,0,3.0,Up
2025-04-14,14.766666666666666,3.766666666666667,9.266666666666666,11.0,0.9,0.3,23.5,18.933333333333334,2,0,0,Monday,0,4,Spring,0,8.733333333333334,-8.733333333333334,1,14794.958333333334,16376,12642,1153.8868333919763,18028.541666666668,20,3734,0,342.0,Up
2025-04-15,9.0,1.4666666666666668,5.233333333333333,7.533333333333332,5.6,1.8666666666666665,31.0,29.733333333333334,3,0,0,Tuesday,0,4,Spring,0,12.766666666666666,-12.766666666666666,1,15260.208333333334,17432,12736,1427.4554429706966,18392.70833333333,20,4696,0,1056.0,Up
2025-04-16,4.433333333333334,-0.1333333333333334,2.15,4.566666666666666,1.1,0.3666666666666667,35.7,32.53333333333334,1,0,1,Wednesday,0,4,Spring,1,15.85,-15.85,1,15903.625,17651,13810,1204.1773238082149,18793.08333333333,20,3841,0,219.0,Up
2025-04-17,10.433333333333334,-1.1333333333333333,4.65,11.566666666666668,0.0,0.0,15.6,14.233333333333334,0,0,3,Thursday,0,4,Spring,1,13.35,-13.35,0,15078.041666666666,17008,13661,899.9557708536313,17523.333333333332,7,3347,0,-643.0,Down
2025-04-18,17.900000000000002,3.0666666666666664,10.483333333333333,14.833333333333334,14.9,4.966666666666667,20.8,19.599999999999998,3,0,0,Friday,0,4,Spring,0,7.5166666666666675,-7.5166666666666675,1,13972.958333333334,15372,12579,859.9872839892392,17398.0,12,2793,0,-1636.0,Down
2025-04-19,19.400000000000002,5.266666666666667,12.333333333333334,14.133333333333333,37.5,12.5,27.5,24.2,3,0,0,Saturday,1,4,Spring,0,5.666666666666666,-5.666666666666666,1,13720.083333333334,14845,11758,1154.663019415534,17163.041666666668,11,3087,0,-527.0,Down
2025-04-20,9.966666666666667,0.4666666666666666,5.216666666666667,9.5,0.0,0.0,22.7,20.133333333333333,0,0,1,Sunday,1,4,Spring,0,12.783333333333333,-12.783333333333333,0,13269.291666666666,14842,12228,717.3661656223479,16333.791666666666,20,2614,0,-3.0,Down
2025-04-21,14.5,4.2,9.35,10.299999999999999,12.600000000000001,4.2,25.9,25.366666666666664,3,0,0,Monday,0,4,Spring,0,8.65,-8.65,1,14784.916666666666,16250,12230,1463.343251262154,18407.791666666668,20,4020,0,1408.0,Up
2025-04-22,11.766666666666666,4.766666666666667,8.266666666666666,7.0,0.0,0.0,29.0,26.433333333333334,0,0,0,Tuesday,0,4,Spring,0,9.733333333333334,-9.733333333333334,0,14631.333333333334,16409,12576,1142.5365626978646,17688.208333333332,20,3833,0,159.0,Up
2025-04-23,14.200000000000001,1.7333333333333334,7.966666666666668,12.466666666666667,0.0,0.0,11.2,10.033333333333333,0,0,0,Wednesday,0,4,Spring,0,10.033333333333331,-10.033333333333331,0,14574.958333333334,16385,12831,1047.9252578378362,17447.208333333332,20,3554,0,-24.0,Down
2025-04-24,20.7,6.3,13.5,14.4,4.2,1.4000000000000001,14.3,13.1,2,0,0,Thursday,0,4,Spring,0,4.5,-4.5,1,14744.416666666666,16312,12468,1206.1207638961575,17849.25,20,3844,0,-73.0,Down
2025-04-25,15.4,9.299999999999999,12.35,6.099999999999999,0.1,0.03333333333333333,18.2,17.166666666666668,1,0,0,Friday,0,4,Spring,0,5.65,-5.65,1,14579.208333333334,16237,12451,1179.8580599659722,18106.375,20,3786,0,-75.0,Down
2025-04-26,11.866666666666665,4.6000000000000005,8.233333333333333,7.266666666666666,11.5,3.8333333333333335,35.1,33.53333333333333,3,0,0,Saturday,1,4,Spring,0,9.766666666666667,-9.766666666666667,1,14099.333333333334,15742,12024,1260.088011648969,18027.45833333333,20,3718,0,-495.0,Down
2025-04-27,14.966666666666667,4.1000000000000005,9.533333333333333,10.866666666666667,0.1,0.03333333333333333,28.6,24.2,1,0,0,Sunday,1,4,Spring,0,8.466666666666667,-8.466666666666667,1,13372.458333333334,15295,12347,887.1214798028144,16292.333333333334,20,2948,0,-447.0,Down
2025-04-28,17.833333333333332,3.6999999999999997,10.766666666666666,14.133333333333333,0.0,0.0,19.8,15.366666666666667,0,0,0,Monday,0,4,Spring,0,7.233333333333334,-7.233333333333334,0,14286.75,15860,12540,1077.320316905511,17160.0,20,3320,0,565.0,Up
2025-04-29,24.3,5.666666666666667,14.983333333333334,18.633333333333333,5.0,1.6666666666666667,37.3,33.43333333333333,3,1,0,Tuesday,0,4,Spring,0,3.0166666666666657,-3.0166666666666657,1,14434.708333333334,16481,11772,1519.397262623132,17381.791666666668,17,4709,0,621.0,Up
2025-04-30,9.9,0.4000000000000001,5.1499999999999995,9.5,0.0,0.0,35.9,29.833333333333332,0,0,1,Wednesday,0,4,Spring,0,12.850000000000001,-12.850000000000001,0,14571.583333333334,16264,12550,1170.0824912081562,17076.458333333332,20,3714,0,-217.0,Down
2025-05-01,10.166666666666666,3.766666666666667,6.966666666666666,6.3999999999999995,24.7,8.233333333333333,23.3,21.366666666666664,3,0,0,Thursday,0,5,Spring,0,11.033333333333335,-11.033333333333335,1,14857.608695652174,16291,12249,1330.652121027008,16079.173913043478,16,4042,0,27.0,Up
2025-05-02,17.3,6.566666666666666,11.933333333333332,10.733333333333334,3.9000000000000004,1.3,24.2,23.099999999999998,2,0,0,Friday,0,5,Spring,0,6.066666666666668,-6.066666666666668,1,14518.833333333334,15670,12522,1092.3726337722364,16429.375,21,3148,0,-621.0,Down
2025-05-03,11.633333333333333,5.466666666666666,8.549999999999999,6.166666666666667,2.0,0.6666666666666666,16.7,14.933333333333332,2,0,0,Saturday,1,5,Spring,0,9.450000000000001,-9.450000000000001,1,13836.041666666666,15138,12156,1001.3848445448232,16161.166666666666,20,2982,0,-532.0,Down
2025-05-04,16.066666666666666,5.133333333333334,10.6,10.933333333333332,1.5,0.5,16.3,16.0,1,0,0,Sunday,1,5,Spring,0,7.4,-7.4,1,13347.458333333334,15502,11782,1164.5597406285146,16872.5,20,3720,0,364.0,Up
2025-05-05,17.266666666666666,9.799999999999999,13.533333333333331,7.466666666666666,38.5,12.833333333333334,24.3,23.233333333333334,3,0,0,Monday,0,5,Spring,0,4.466666666666669,-4.466666666666669,1,14501.0,16084,12003,1384.2108095291671,17139.208333333332,20,4081,0,582.0,Up
2025-05-06,18.400000000000002,10.1,14.25,8.299999999999999,8.7,2.9,23.8,21.7,3,0,0,Tuesday,0,5,Spring,0,3.75,-3.75,1,14672.708333333334,16262,12402,1236.5218568776822,17488.958333333332,20,3860,0,178.0,Up
2025-05-07,18.599999999999998,9.133333333333333,13.866666666666667,9.466666666666667,0.8,0.26666666666666666,22.5,21.433333333333334,2,0,0,Wednesday,0,5,Spring,0,4.133333333333333,-4.133333333333333,1,14596.0,16311,12273,1336.1543454192,17914.5,20,4038,0,49.0,Up
2025-05-08,11.166666666666666,5.2,8.183333333333334,5.966666666666668,0.2,0.06666666666666667,19.5,17.8,2,0,0,Thursday,0,5,Spring,0,9.816666666666666,-9.816666666666666,1,14565.291666666666,16107,12339,1170.0880486812375,17835.541666666668,20,3768,0,-204.0,Down
2025-05-09,14.1,3.966666666666667,9.033333333333333,10.133333333333333,0.0,0.0,18.4,15.399999999999999,0,0,0,Friday,0,5,Spring,0,8.966666666666667,-8.966666666666667,0,14418.125,15901,13041,899.1014022465645,18097.541666666668,20,2860,0,-206.0,Down
2025-05-10,19.733333333333334,5.533333333333334,12.633333333333333,14.199999999999998,0.0,0.0,22.6,21.033333333333335,0,0,0,Saturday,1,5,Spring,0,5.366666666666667,-5.366666666666667,0,13366.708333333334,14623,12366,690.0109311778525,17369.375,21,2257,0,-1278.0,Down
2025-05-11,13.6,3.9,8.75,9.700000000000001,0.0,0.0,20.6,18.5,0,0,0,Sunday,1,5,Spring,0,9.25,-9.25,0,13061.833333333334,15090,11699,1010.5361326357016,16941.5,21,3391,0,467.0,Up
2025-05-12,23.7,5.933333333333334,14.816666666666668,17.766666666666666,0.0,0.0,12.1,10.799999999999999,0,1,0,Monday,0,5,Spring,0,3.183333333333332,-3.183333333333332,0,14644.0,16866,12026,1535.1626737198274,17853.25,19,4840,0,1776.0,Up
2025-05-13,22.900000000000002,11.700000000000001,17.3,11.200000000000001,7.9,2.6333333333333333,25.2,20.133333333333333,3,1,0,Tuesday,0,5,Spring,0,0.6999999999999993,-0.6999999999999993,1,14836.708333333334,16839,12311,1482.6439509015406,18710.541666666668,20,4528,0,-27.0,Down
2025-05-14,19.166666666666668,12.799999999999999,15.983333333333334,6.366666666666667,4.0,1.3333333333333333,25.0,22.03333333333333,3,0,0,Wednesday,0,5,Spring,0,2.0166666666666657,-2.0166666666666657,1,15102.375,16902,12580,1523.477595403245,18954.625,17,4322,0,63.0,Up
2025-05-15,22.366666666666664,12.4,17.383333333333333,9.966666666666667,1.0,0.3333333333333333,14.8,13.0,1,1,0,Thursday,0,5,Spring,0,0.6166666666666671,-0.6166666666666671,1,15478.166666666666,17674,12679,1699.7092504990032,19055.666666666668,19,4995,0,772.0,Up
2025-05-16,27.2,12.766666666666666,19.983333333333334,14.433333333333335,9.799999999999999,3.266666666666666,19.2,15.4,3,3,0,Friday,0,5,Spring,1,1.9833333333333343,1.9833333333333343,1,15779.333333333334,18153,12896,1778.0501696513245,18988.666666666668,19,5257,0,479.0,Up
2025-05-17,19.566666666666666,12.433333333333332,16.0,7.133333333333334,47.8,15.933333333333332,25.2,23.5,3,0,0,Saturday,1,5,Spring,0,2.0,-2.0,1,14069.625,15272,12423,1063.2806007209792,17617.958333333332,17,2849,0,-2881.0,Down
2025-05-18,14.033333333333333,8.966666666666667,11.5,5.066666666666666,0.9,0.3,30.3,26.46666666666667,1,0,0,Sunday,1,5,Spring,0,6.5,-6.5,1,13391.666666666666,14717,11635,1071.5430834596168,16781.25,19,3082,0,-555.0,Down
2025-05-19,13.166666666666666,6.0,9.583333333333332,7.166666666666667,0.8,0.26666666666666666,21.3,19.366666666666667,2,0,0,Monday,0,5,Spring,0,8.416666666666668,-8.416666666666668,1,13171.916666666666,15267,11839,1038.287256753271,16677.791666666668,21,3428,0,550.0,Up
2025-05-20,14.4,3.6999999999999997,9.049999999999999,10.700000000000001,0.0,0.0,16.7,15.566666666666668,0,0,0,Tuesday,0,5,Spring,0,8.950000000000001,-8.950000000000001,0,14161.75,15707,11900,1197.1718575550203,17765.0,21,3807,0,440.0,Up
2025-05-21,12.1,7.766666666666667,9.933333333333334,4.333333333333333,41.0,13.666666666666666,32.8,29.933333333333334,3,0,0,Wednesday,0,5,Spring,0,8.066666666666666,-8.066666666666666,1,14887.708333333334,16768,12062,1598.8068507529283,17854.083333333332,20,4706,0,1061.0,Up
2025-05-22,10.233333333333333,7.5,8.866666666666667,2.733333333333333,102.3,34.1,31.5,28.433333333333334,3,0,0,Thursday,0,5,Spring,0,9.133333333333333,-9.133333333333333,1,15236.166666666666,16630,12682,1435.296081155282,17506.958333333332,20,3948,0,-138.0,Down
2025-05-23,10.200000000000001,7.333333333333333,8.766666666666666,2.8666666666666667,15.700000000000001,5.233333333333333,21.5,21.166666666666668,3,0,0,Friday,0,5,Spring,0,9.233333333333334,-9.233333333333334,1,14917.333333333334,16188,12849,1176.7622000057272,17928.291666666668,20,3339,0,-442.0,Down
2025-05-24,12.9,7.466666666666666,10.183333333333334,5.433333333333333,3.7,1.2333333333333334,25.1,23.566666666666666,3,0,0,Saturday,1,5,Spring,0,7.816666666666666,-7.816666666666666,1,13935.791666666666,14980,12593,835.5290944985844,17123.5,19,2387,0,-1208.0,Down
2025-05-25,14.9,6.7,10.799999999999999,8.200000000000001,9.7,3.233333333333333,21.2,17.966666666666665,3,0,0,Sunday,1,5,Spring,0,7.200000000000001,-7.200000000000001,1,13531.666666666666,15234,12131,972.5703133926884,16333.5,21,3103,0,254.0,Up
2025-05-26,19.333333333333332,8.0,13.666666666666666,11.333333333333334,0.30000000000000004,0.10000000000000002,18.4,15.066666666666668,2,0,0,Monday,0,5,Spring,0,4.333333333333334,-4.333333333333334,1,14521.583333333334,16252,12368,1281.946241722587,16069.625,20,3884,0,1018.0,Up
2025-05-27,20.46666666666667,9.166666666666666,14.816666666666668,11.299999999999999,0.0,0.0,12.2,10.9,0,0,0,Tuesday,0,5,Spring,0,3.183333333333332,-3.183333333333332,0,14592.75,16398,12287,1400.7251926118088,16852.416666666668,20,4111,0,146.0,Up
2025-05-28,17.266666666666666,9.633333333333333,13.450000000000001,7.633333333333333,17.1,5.7,23.8,20.233333333333334,3,0,0,Wednesday,0,5,Spring,0,4.549999999999999,-4.549999999999999,1,14707.666666666666,16660,12001,1527.5333246679152,17219.666666666668,20,4659,0,262.0,Up
2025-05-29,18.0,10.633333333333333,14.316666666666668,7.366666666666667,25.2,8.4,15.7,14.5,3,0,0,Thursday,0,5,Spring,0,3.683333333333332,-3.683333333333332,1,14893.708333333334,16301,12647,1331.3609734653733,17317.708333333332,20,3654,0,-359.0,Down
2025-05-30,22.0,10.5,16.25,11.5,4.6000000000000005,1.5333333333333334,17.7,16.3,3,0,0,Friday,0,5,Spring,0,1.75,-1.75,1,14641.708333333334,16455,12134,1398.294255253651,16915.75,17,4321,0,154.0,Up
2025-05-31,12.299999999999999,8.299999999999999,10.299999999999999,4.0,1.5999999999999999,0.5333333333333333,31.6,29.566666666666666,3,0,0,Saturday,1,5,Spring,0,7.700000000000001,-7.700000000000001,1,13264.125,14462,11600,965.706783859005,16684.208333333332,20,2862,0,-1993.0,Down
2025-06-01,14.166666666666666,7.033333333333334,10.6,7.133333333333333,0.4,0.13333333333333333,25.4,24.766666666666666,2,0,0,Sunday,1,6,Summer,0,7.4,-7.4,1,13094.916666666666,15134,11536,1139.4744752341524,15841.583333333334,21,3598,0,672.0,Up
2025-06-02,21.233333333333334,6.533333333333334,13.883333333333333,14.700000000000001,0.0,0.0,16.3,13.799999999999999,0,0,0,Monday,0,6,Summer,0,4.116666666666667,-4.116666666666667,0,14210.75,16226,12029,1341.748089166745,16789.375,19,4197,0,1092.0,Up
2025-06-03,25.366666666666664,11.966666666666667,18.666666666666668,13.4,0.0,0.0,22.0,20.466666666666665,0,1,0,Tuesday,0,6,Summer,1,0.6666666666666679,0.6666666666666679,0,14773.041666666666,17267,11768,1837.690835500916,18092.33333333333,18,5499,0,1041.0,Up
2025-06-04,28.433333333333334,16.0,22.21666666666667,12.433333333333332,2.5,0.8333333333333334,26.0,23.96666666666667,3,3,0,Wednesday,0,6,Summer,1,4.216666666666669,4.216666666666669,1,16381.666666666666,19910,12238,2583.5853023449317,19085.58333333333,17,7672,0,2643.0,Up
2025-06-05,21.2,13.866666666666667,17.533333333333335,7.333333333333333,48.0,16.0,16.6,13.633333333333335,3,0,0,Thursday,0,6,Summer,0,0.466666666666665,-0.466666666666665,1,15841.25,17465,13334,1438.5682269111403,18121.20833333333,18,4131,0,-2445.0,Down
2025-06-06,22.53333333333333,13.299999999999999,17.916666666666668,9.233333333333333,0.30000000000000004,0.10000000000000002,15.4,14.333333333333334,2,0,0,Friday,0,6,Summer,0,0.08333333333333215,-0.08333333333333215,1,15527.791666666666,17743,12466,1814.758625204361,18404.041666666668,17,5277,0,278.0,Up
2025-06-07,24.066666666666666,14.433333333333332,19.25,9.633333333333333,1.1,0.3666666666666667,19.2,17.133333333333333,2,0,0,Saturday,1,6,Summer,0,1.25,1.25,1,14613.25,17240,12155,1702.5299652601395,17212.583333333332,18,5085,0,-503.0,Down
2025-06-08,21.099999999999998,12.933333333333332,17.016666666666666,8.166666666666666,1.0,0.3333333333333333,19.8,17.0,2,0,0,Sunday,1,6,Summer,0,0.9833333333333343,-0.9833333333333343,1,14002.708333333334,16628,11568,1715.9753844177185,16778.875,18,5060,0,-612.0,Down
2025-06-09,20.633333333333333,13.366666666666667,17.0,7.266666666666666,9.0,3.0,18.4,15.633333333333333,3,0,0,Monday,0,6,Summer,0,1.0,-1.0,1,15433.625,17572,12285,1813.0194083351676,17923.458333333332,18,5287,0,944.0,Up
2025-06-10,21.166666666666668,13.066666666666668,17.116666666666664,8.1,1.9,0.6333333333333333,25.8,21.766666666666666,3,0,0,Tuesday,0,6,Summer,0,0.8833333333333364,-0.8833333333333364,1,15061.333333333334,16939,12635,1440.3177386971931,17456.625,19,4304,0,-633.0,Down
2025-06-11,25.0,12.700000000000001,18.849999999999998,12.299999999999999,0.5,0.16666666666666666,25.6,21.7,2,1,0,Wednesday,0,6,Summer,1,0.8499999999999979,0.8499999999999979,1,15690.833333333334,18869,12300,2164.571182889836,18504.125,19,6569,0,1930.0,Up
2025-06-12,21.933333333333334,13.266666666666666,17.6,8.666666666666666,0.0,0.0,25.0,20.900000000000002,0,0,0,Thursday,0,6,Summer,0,0.3999999999999986,-0.3999999999999986,0,15549.791666666666,17934,13060,1592.0918145680214,18099.75,18,4874,0,-935.0,Down
2025-06-13,17.733333333333334,11.466666666666667,14.6,6.266666666666667,0.0,0.0,16.0,14.433333333333332,0,0,0,Friday,0,6,Summer,0,3.4000000000000004,-3.4000000000000004,0,14858.291666666666,16495,12652,1276.716967686929,17604.25,17,3843,0,-1439.0,Down
2025-06-14,21.0,12.799999999999999,16.900000000000002,8.200000000000001,0.0,0.0,15.8,15.0,0,0,0,Saturday,1,6,Summer,0,1.0999999999999979,-1.0999999999999979,0,14045.333333333334,16122,12226,1259.4254268503155,16421.75,19,3896,0,-373.0,Down
2025-06-15,23.066666666666666,13.233333333333334,18.150000000000002,9.833333333333334,0.0,0.0,14.9,13.033333333333333,0,0,0,Sunday,1,6,Summer,0,0.15000000000000213,0.15000000000000213,0,14430.291666666666,17214,11939,1857.1134094555744,16580.916666666668,19,5275,0,1092.0,Up
2025-06-16,25.26666666666667,14.233333333333334,19.75,11.033333333333333,0.0,0.0,13.9,12.533333333333333,0,1,0,Monday,0,6,Summer,1,1.75,1.75,0,16575.0,20065,12652,2581.235110495008,18631.666666666668,18,7413,0,2851.0,Up
2025-06-17,25.7,14.866666666666667,20.28333333333333,10.833333333333334,3.0,1.0,20.6,14.933333333333332,2,1,0,Tuesday,0,6,Summer,1,2.2833333333333314,2.2833333333333314,1,17433.625,20833,13466,2556.0344764038728,19941.875,18,7367,1,768.0,Up
2025-06-18,28.166666666666668,18.433333333333334,23.3,9.733333333333333,8.0,2.6666666666666665,19.5,14.633333333333333,3,3,0,Wednesday,0,6,Summer,1,5.300000000000001,5.300000000000001,1,18240.83333333333,20528,14432,2246.4407532741698,20429.20833333333,13,6096,1,-305.0,Down
2025-06-19,25.03333333333333,15.4,20.216666666666665,9.633333333333333,24.900000000000002,8.3,41.6,37.800000000000004,3,1,0,Thursday,0,6,Summer,1,2.216666666666665,2.216666666666665,1,16674.625,18365,14072,1557.161012380627,19535.95833333333,13,4293,0,-2163.0,Down
2025-06-20,24.333333333333332,13.299999999999999,18.816666666666666,11.033333333333333,1.2999999999999998,0.4333333333333333,24.5,20.900000000000002,3,2,0,Friday,0,6,Summer,0,0.8166666666666664,0.8166666666666664,1,16187.416666666666,18764,12859,2038.3689540300657,18697.0,18,5905,0,399.0,Up
2025-06-21,26.433333333333334,14.566666666666668,20.5,11.866666666666667,14.2,4.733333333333333,31.5,25.5,3,3,0,Saturday,1,6,Summer,1,2.5,2.5,1,16169.875,18777,12870,2151.85706072281,18506.875,19,5907,0,13.0,Up
2025-06-22,31.46666666666667,23.5,27.48333333333333,7.966666666666666,3.4000000000000004,1.1333333333333335,26.5,23.733333333333334,3,3,0,Sunday,1,6,Summer,1,9.48333333333333,9.48333333333333,1,19292.70833333333,23045,14219,3374.3631473749706,21112.33333333333,19,8826,1,4268.0,Up
2025-06-23,34.53333333333333,23.166666666666668,28.849999999999998,11.366666666666667,0.0,0.0,20.2,18.066666666666666,0,3,0,Monday,0,6,Summer,1,10.849999999999998,10.849999999999998,0,21623.375,24712,16544,2980.6076096705665,23726.166666666668,19,8168,1,1667.0,Up
2025-06-24,33.333333333333336,24.133333333333336,28.733333333333334,9.200000000000001,3.9,1.3,22.1,20.633333333333333,3,3,0,Tuesday,0,6,Summer,1,10.733333333333334,10.733333333333334,1,21924.95833333333,24862,17391,2679.8821758520025,23802.33333333333,19,7471,1,150.0,Up
2025-06-25,29.833333333333332,20.733333333333334,25.28333333333333,9.100000000000001,0.1,0.03333333333333333,17.6,14.533333333333333,1,3,0,Wednesday,0,6,Summer,1,7.283333333333331,7.283333333333331,1,20020.5,22693,16722,2034.8990787922528,22439.45833333333,17,5971,1,-2169.0,Down
2025-06-26,24.233333333333334,17.233333333333334,20.733333333333334,7.0,5.7,1.9000000000000001,20.8,19.2,2,1,0,Thursday,0,6,Summer,0,2.7333333333333343,2.7333333333333343,1,16754.541666666668,18060,14329,1113.2233644053529,20108.0,12,3731,0,-4633.0,Down
2025-06-27,24.566666666666663,16.433333333333334,20.5,8.133333333333331,17.1,5.7,23.5,21.366666666666664,3,1,0,Friday,0,6,Summer,0,2.5,2.5,1,16949.416666666668,20251,13146,2403.0255370852938,20195.375,18,7105,0,2191.0,Up
2025-06-28,25.766666666666666,16.533333333333335,21.150000000000002,9.233333333333333,8.2,2.733333333333333,24.3,23.3,3,2,0,Saturday,1,6,Summer,1,3.150000000000002,3.150000000000002,1,16824.708333333332,18966,14253,1817.125955270806,19197.08333333333,18,4713,0,-1285.0,Down
2025-06-29,25.7,13.9,19.8,11.800000000000002,0.0,0.0,12.6,11.6,0,2,0,Sunday,1,6,Summer,1,1.8000000000000007,1.8000000000000007,0,16195.916666666666,20352,12582,2672.216356065353,18397.666666666668,19,7770,1,1386.0,Up
2025-06-30,28.600000000000005,17.599999999999998,23.100000000000005,11.0,12.3,4.1000000000000005,18.8,14.633333333333335,3,3,0,Monday,0,6,Summer,1,5.100000000000005,5.100000000000005,1,17128.666666666668,19565,13264,2366.290210924863,19330.25,13,6301,0,-787.0,Down
2025-07-01,27.066666666666666,19.666666666666668,23.366666666666664,7.400000000000001,0.8999999999999999,0.3,21.7,18.166666666666668,2,3,0,Tuesday,0,7,Summer,1,5.366666666666664,5.366666666666664,1,17889.791666666668,21018,14156,2461.5313716953883,20216.45833333333,18,6862,1,1453.0,Up
2025-07-02,28.333333333333332,17.366666666666667,22.849999999999998,10.966666666666667,2.9,0.9666666666666667,21.0,15.966666666666667,3,3,0,Wednesday,0,7,Summer,1,4.849999999999998,4.849999999999998,1,18406.416666666668,21901,13770,2931.9624666419413,20274.70833333333,17,8131,1,883.0,Up
2025-07-03,24.233333333333334,17.133333333333333,20.683333333333334,7.1000000000000005,5.4,1.8,27.6,24.666666666666668,3,2,0,Thursday,0,7,Summer,0,2.6833333333333336,2.6833333333333336,1,17490.75,20291,14230,2017.136999292078,19450.666666666668,18,6061,0,-1610.0,Down
2025-07-04,25.8,14.033333333333333,19.916666666666668,11.766666666666666,0.0,0.0,17.1,15.700000000000001,0,2,0,Friday,0,7,Summer,1,1.9166666666666679,1.9166666666666679,0,16763.916666666668,20495,13131,2448.862378590385,18471.875,18,7364,1,204.0,Up
2025-07-05,29.933333333333334,17.53333333333333,23.733333333333334,12.4,8.0,2.6666666666666665,16.5,14.733333333333334,3,3,0,Saturday,1,7,Summer,1,5.733333333333334,5.733333333333334,1,17984.708333333332,22019,13225,3199.4836061487317,19923.291666666668,18,8794,1,1524.0,Up
2025-07-06,31.600000000000005,22.5,27.05,9.1,1.9,0.6333333333333333,25.7,23.7,1,3,0,Sunday,1,7,Summer,1,9.05,9.05,1,19425.33333333333,22740,14680,2957.877333298421,21216.95833333333,19,8060,1,721.0,Up
2025-07-07,27.5,18.7,23.099999999999998,8.8,0.3,0.09999999999999999,22.9,20.0,1,2,0,Monday,0,7,Summer,1,5.099999999999998,5.099999999999998,1,19605.20833333333,21832,16641,1903.4918708878768,22051.541666666668,15,5191,1,-908.0,Down
2025-07-08,25.066666666666666,17.533333333333335,21.3,7.533333333333334,0.4,0.13333333333333333,12.7,12.4,2,2,0,Tuesday,0,7,Summer,1,3.3000000000000007,3.3000000000000007,1,18145.041666666668,21263,14642,2217.3613084252743,20827.70833333333,19,6621,1,-569.0,Down
2025-07-09,25.733333333333334,16.96666666666667,21.349999999999998,8.766666666666666,4.8,1.5999999999999999,13.0,12.366666666666667,3,3,0,Wednesday,0,7,Summer,1,3.349999999999998,3.349999999999998,1,18195.33333333333,21727,14302,2418.650623918161,20062.416666666668,17,7425,1,464.0,Up
2025-07-10,26.5,17.3,21.900000000000002,9.200000000000001,1.8,0.6,11.4,10.200000000000001,3,3,0,Thursday,0,7,Summer,1,3.900000000000002,3.900000000000002,1,19043.291666666668,22884,14316,2988.2332060668505,20288.45833333333,17,8568,1,1157.0,Up
2025-07-11,28.46666666666667,18.033333333333335,23.25,10.433333333333332,0.0,0.0,12.3,10.533333333333333,0,3,0,Friday,0,7,Summer,1,5.25,5.25,0,19432.83333333333,22481,14884,2737.534652020772,20778.125,18,7597,1,-403.0,Down
2025-07-12,31.666666666666668,20.8,26.233333333333334,10.866666666666669,2.5,0.8333333333333334,21.3,17.533333333333335,3,3,0,Saturday,1,7,Summer,1,8.233333333333334,8.233333333333334,1,19643.95833333333,22837,15213,2795.1728495851485,21324.45833333333,18,7624,1,356.0,Up
2025-07-13,30.46666666666667,21.96666666666667,26.21666666666667,8.5,4.9,1.6333333333333335,20.3,16.966666666666665,3,3,0,Sunday,1,7,Summer,1,8.216666666666669,8.216666666666669,1,19490.33333333333,22918,15793,2464.5972713903857,20550.291666666668,18,7125,1,81.0,Up
2025-07-14,28.96666666666667,19.566666666666666,24.266666666666666,9.4,0.0,0.0,14.6,13.933333333333332,0,3,0,Monday,0,7,Summer,1,6.266666666666666,6.266666666666666,0,19510.625,22914,15149,2735.225081152412,20708.0,17,7765,1,-4.0,Down
2025-07-15,30.5,18.599999999999998,24.55,11.9,0.0,0.0,13.2,11.033333333333333,0,3,0,Tuesday,0,7,Summer,1,6.550000000000001,6.550000000000001,0,19872.25,23261,14941,3075.3634249714587,21314.0,17,8320,1,347.0,Up
2025-07-16,31.133333333333336,20.566666666666666,25.850000000000005,10.566666666666665,1.4,0.4666666666666666,16.3,15.300000000000002,2,3,0,Wednesday,0,7,Summer,1,7.850000000000005,7.850000000000005,1,20439.20833333333,23611,15292,3009.405906691864,22251.0,15,8319,1,350.0,Up
2025-07-17,27.7,16.900000000000002,22.3,10.799999999999999,4.3,1.4333333333333333,35.8,32.73333333333333,3,3,0,Thursday,0,7,Summer,1,4.300000000000001,4.300000000000001,1,18966.08333333333,21217,14829,1916.8622212778675,21906.25,14,6388,1,-2394.0,Down
2025-07-18,23.03333333333333,13.166666666666666,18.099999999999998,9.866666666666665,0.0,0.0,16.8,15.933333333333332,0,0,0,Friday,0,7,Summer,0,0.09999999999999787,0.09999999999999787,0,16232.166666666666,19204,13137,1982.624450102673,19300.08333333333,19,6067,0,-2013.0,Down
2025-07-19,26.3,14.633333333333333,20.466666666666665,11.666666666666666,2.1,0.7000000000000001,17.4,13.466666666666667,1,2,0,Saturday,1,7,Summer,1,2.466666666666665,2.466666666666665,1,16088.0,19450,12729,2321.228479097633,19017.291666666668,17,6721,0,246.0,Up
2025-07-20,25.099999999999998,18.53333333333333,21.816666666666666,6.566666666666667,14.0,4.666666666666667,22.6,21.033333333333335,3,2,0,Sunday,1,7,Summer,1,3.8166666666666664,3.8166666666666664,1,16946.208333333332,20177,13764,2259.698882963539,19618.20833333333,18,6413,0,727.0,Up
2025-07-21,22.333333333333332,15.0,18.666666666666668,7.333333333333333,0.0,0.0,18.0,16.433333333333334,0,0,0,Monday,0,7,Summer,0,0.6666666666666679,0.6666666666666679,0,16404.208333333332,19582,13253,2022.5405672110728,19071.95833333333,18,6329,0,-595.0,Down
2025-07-22,23.333333333333332,14.433333333333332,18.883333333333333,8.9,0.3,0.09999999999999999,13.5,12.533333333333333,1,0,0,Tuesday,0,7,Summer,0,0.8833333333333329,0.8833333333333329,1,16571.416666666668,19907,12905,2344.2435864802155,18995.58333333333,18,7002,0,325.0,Up
2025-07-23,27.8,15.600000000000001,21.7,12.200000000000001,0.0,0.0,18.2,13.666666666666666,0,3,0,Wednesday,0,7,Summer,1,3.6999999999999993,3.6999999999999993,0,17731.291666666668,22095,13338,2958.963765139036,19768.125,18,8757,1,2188.0,Up
2025-07-24,32.86666666666667,19.933333333333334,26.400000000000002,12.933333333333332,10.9,3.6333333333333333,23.9,22.400000000000002,3,3,0,Thursday,0,7,Summer,1,8.400000000000002,8.400000000000002,1,19939.75,24528,14005,3769.7239346506863,22264.20833333333,19,10523,1,2433.0,Up
2025-07-25,27.666666666666668,21.066666666666666,24.366666666666664,6.599999999999999,3.6,1.2,15.5,14.0,3,3,0,Friday,0,7,Summer,1,6.366666666666664,6.366666666666664,1,20082.58333333333,23055,16410,2432.480267879512,22215.041666666668,17,6645,1,-1473.0,Down
2025-07-26,27.666666666666668,18.3,22.983333333333334,9.366666666666667,7.499999999999999,2.4999999999999996,14.8,12.700000000000001,3,3,0,Saturday,1,7,Summer,1,4.983333333333334,4.983333333333334,1,18632.541666666668,21911,14548,2689.191327925258,20094.95833333333,15,7363,1,-1144.0,Down
2025-07-27,29.933333333333334,21.2,25.566666666666663,8.733333333333333,16.8,5.6000000000000005,22.7,19.166666666666668,3,3,0,Sunday,1,7,Summer,1,7.566666666666663,7.566666666666663,1,19553.75,23347,15323,2951.6795845018864,20516.625,18,8024,1,1436.0,Up
2025-07-28,30.933333333333334,19.133333333333336,25.03333333333333,11.799999999999999,0.0,0.0,18.6,17.8,0,3,0,Monday,0,7,Summer,1,7.033333333333331,7.033333333333331,0,20808.541666666668,24211,15706,3129.1085545270703,22181.83333333333,16,8505,1,864.0,Up
2025-07-29,29.7,20.066666666666666,24.883333333333336,9.633333333333333,0.0,0.0,15.5,13.966666666666667,0,3,0,Tuesday,0,7,Summer,1,6.883333333333336,6.883333333333336,0,20724.291666666668,23607,16639,2538.712845367093,22009.375,18,6968,1,-604.0,Down
2025-07-30,28.3,20.099999999999998,24.2,8.2,3.0,1.0,19.8,18.599999999999998,3,3,0,Wednesday,0,7,Summer,1,6.199999999999999,6.199999999999999,1,19739.33333333333,23048,15913,2561.312854032456,21680.33333333333,15,7135,1,-559.0,Down
2025-07-31,23.46666666666667,17.133333333333333,20.3,6.333333333333333,8.5,2.8333333333333335,15.9,14.4,2,0,0,Thursday,0,7,Summer,0,2.3000000000000007,2.3000000000000007,1,16829.25,19080,14278,1568.474702156317,19851.58333333333,17,4802,0,-3968.0,Down
2025-08-01,23.733333333333334,15.333333333333334,19.533333333333335,8.4,0.0,0.0,16.7,15.333333333333334,0,0,0,Friday,0,8,Summer,0,1.533333333333335,1.533333333333335,0,16165.083333333334,18689,13216,1854.9152076405628,18614.791666666668,19,5473,0,-391.0,Down
2025-08-02,25.8,14.666666666666666,20.233333333333334,11.133333333333331,0.0,0.0,20.8,16.5,0,3,0,Saturday,1,8,Summer,1,2.2333333333333343,2.2333333333333343,0,15549.625,18854,12660,2111.469564740654,17543.708333333332,18,6194,0,165.0,Up
2025-08-03,27.46666666666667,16.400000000000002,21.933333333333334,11.066666666666668,0.0,0.0,19.1,14.766666666666667,0,3,0,Sunday,1,8,Summer,1,3.9333333333333336,3.9333333333333336,0,16140.25,19854,12602,2571.3283532057903,17787.958333333332,18,7252,0,1000.0,Up
2025-08-04,27.266666666666666,17.466666666666665,22.366666666666664,9.8,0.0,0.0,14.7,14.133333333333333,0,3,0,Monday,0,8,Summer,1,4.366666666666664,4.366666666666664,0,16905.083333333332,20900,13121,2771.876666380234,18647.916666666668,17,7779,1,1046.0,Up
2025-08-05,26.7,19.466666666666665,23.083333333333332,7.233333333333334,0.0,0.0,16.8,15.033333333333333,0,3,0,Tuesday,0,8,Summer,1,5.083333333333332,5.083333333333332,0,18426.70833333333,22514,13812,2971.254872932906,19932.166666666668,18,8702,1,1614.0,Up
2025-08-06,27.099999999999998,19.2,23.150000000000002,7.8999999999999995,0.3,0.09999999999999999,16.3,14.833333333333334,1,3,0,Wednesday,0,8,Summer,1,5.150000000000002,5.150000000000002,1,18719.875,22638,14453,2828.020437053328,20259.0,17,8185,1,124.0,Up
2025-08-07,27.96666666666667,19.599999999999998,23.78333333333333,8.366666666666667,0.0,0.0,17.5,14.200000000000001,0,3,0,Thursday,0,8,Summer,1,5.783333333333331,5.783333333333331,0,19038.041666666668,22703,14771,2763.285276609626,20301.45833333333,17,7932,1,65.0,Up
2025-08-08,29.133333333333336,19.933333333333334,24.533333333333335,9.200000000000001,3.3,1.0999999999999999,15.7,15.233333333333334,1,3,0,Friday,0,8,Summer,1,6.533333333333335,6.533333333333335,1,19273.70833333333,22643,14756,2820.329929499717,20618.666666666668,16,7887,1,-60.0,Down
2025-08-09,29.666666666666668,20.266666666666666,24.96666666666667,9.4,0.0,0.0,16.4,15.333333333333334,0,3,0,Saturday,1,8,Summer,1,6.966666666666669,6.966666666666669,0,19473.70833333333,23248,14810,3173.838993192652,20904.375,18,8438,1,605.0,Up
2025-08-10,31.433333333333334,21.8,26.616666666666664,9.633333333333333,0.0,0.0,17.0,16.433333333333334,0,3,0,Sunday,1,8,Summer,1,8.616666666666664,8.616666666666664,0,20027.58333333333,24063,15092,3299.39074635022,21174.08333333333,18,8971,1,815.0,Up
2025-08-11,31.26666666666667,21.333333333333332,26.3,9.933333333333335,0.1,0.03333333333333333,19.3,16.866666666666667,1,3,0,Monday,0,8,Summer,1,8.3,8.3,1,21275.125,24789,16089,3160.825928284098,22338.125,18,8700,1,726.0,Up
2025-08-12,30.599999999999998,21.366666666666664,25.983333333333334,9.233333333333333,27.4,9.133333333333333,20.5,17.2,3,3,0,Tuesday,0,8,Summer,1,7.983333333333334,7.983333333333334,1,21274.75,24006,17087,2542.437468770607,22268.25,13,6919,1,-783.0,Down
2025-08-13,26.766666666666666,20.166666666666668,23.46666666666667,6.6000000000000005,17.4,5.8,18.1,16.5,3,3,0,Wednesday,0,8,Summer,1,5.466666666666669,5.466666666666669,1,20333.291666666668,23843,16681,2484.2046488401147,21466.83333333333,17,7162,1,-163.0,Down
2025-08-14,26.133333333333336,18.0,22.066666666666663,8.133333333333333,0.30000000000000004,0.10000000000000002,17.1,13.933333333333332,2,3,0,Thursday,0,8,Summer,1,4.066666666666663,4.066666666666663,1,19179.625,22949,14950,2781.7492277889373,20483.25,18,7999,1,-894.0,Down
2025-08-15,27.400000000000002,18.666666666666668,23.03333333333333,8.733333333333333,0.2,0.06666666666666667,15.2,13.633333333333333,1,3,0,Friday,0,8,Summer,1,5.033333333333331,5.033333333333331,1,19167.58333333333,23257,14654,2981.8800156170314,20588.95833333333,17,8603,1,308.0,Up
2025-08-16,29.3,18.2,23.75,11.100000000000001,0.0,0.0,13.0,12.666666666666666,0,3,0,Saturday,1,8,Summer,1,5.75,5.75,0,18977.95833333333,23079,14550,3088.922585193556,20200.791666666668,18,8529,1,-178.0,Down
2025-08-17,24.766666666666666,17.900000000000002,21.333333333333332,6.8666666666666645,18.5,6.166666666666667,23.7,20.266666666666666,3,2,0,Sunday,1,8,Summer,0,3.333333333333332,3.333333333333332,1,17224.083333333332,19103,14430,1446.577938406382,20070.25,18,4673,0,-3976.0,Down
2025-08-18,20.0,13.166666666666666,16.583333333333332,6.833333333333333,0.0,0.0,17.2,16.566666666666666,0,0,0,Monday,0,8,Summer,0,1.4166666666666679,-1.4166666666666679,0,16009.875,18932,12834,1940.5135427980413,19066.58333333333,17,6098,0,-171.0,Down
2025-08-19,19.666666666666668,16.4,18.03333333333333,3.266666666666666,66.1,22.03333333333333,24.5,21.133333333333333,3,0,0,Tuesday,0,8,Summer,0,0.03333333333333144,0.03333333333333144,1,16349.416666666666,18418,13283,1841.3617106031509,19001.541666666668,17,5135,0,-514.0,Down
2025-08-20,21.53333333333333,16.5,19.016666666666666,5.033333333333332,13.8,4.6000000000000005,23.3,21.0,3,0,0,Wednesday,0,8,Summer,0,1.0166666666666657,1.0166666666666657,1,16477.375,18222,13876,1482.376376911777,18915.291666666668,20,4346,0,-196.0,Down
2025-08-21,22.733333333333334,15.200000000000001,18.966666666666665,7.533333333333332,0.0,0.0,15.0,12.833333333333334,0,0,0,Thursday,0,8,Summer,0,0.966666666666665,0.966666666666665,0,16620.208333333332,19597,13371,2076.332426663537,18602.75,18,6226,0,1375.0,Up
2025-08-22,25.833333333333332,14.933333333333332,20.383333333333333,10.9,0.0,0.0,14.5,12.666666666666666,0,1,0,Friday,0,8,Summer,1,2.383333333333333,2.383333333333333,0,17388.333333333332,20922,13681,2538.7388801232164,18989.95833333333,17,7241,1,1325.0,Up
2025-08-23,24.766666666666666,17.166666666666668,20.966666666666665,7.599999999999998,13.6,4.533333333333333,22.7,16.766666666666666,3,2,0,Saturday,1,8,Summer,0,2.966666666666665,2.966666666666665,1,16345.125,18466,13382,1864.781216040009,18269.541666666668,17,5084,0,-2456.0,Down
2025-08-24,22.833333333333332,15.533333333333331,19.183333333333334,7.300000000000001,2.2,0.7333333333333334,15.9,14.366666666666667,3,0,0,Sunday,1,8,Summer,0,1.1833333333333336,1.1833333333333336,1,15735.083333333334,18610,12931,1965.4576171791489,17536.083333333332,18,5679,0,144.0,Up
2025-08-25,19.7,13.533333333333333,16.616666666666667,6.166666666666667,1.3,0.43333333333333335,27.3,23.633333333333336,2,0,0,Monday,0,8,Summer,0,1.3833333333333329,-1.3833333333333329,1,15607.125,17804,12929,1630.5669676126668,17762.541666666668,18,4875,0,-806.0,Down
2025-08-26,18.166666666666668,11.966666666666667,15.066666666666668,6.2,7.6,2.533333333333333,24.6,21.033333333333335,3,0,0,Tuesday,0,8,Summer,0,2.933333333333332,-2.933333333333332,1,15129.208333333334,17083,12717,1456.3057783060312,17083.875,20,4366,0,-721.0,Down
2025-08-27,21.066666666666666,11.4,16.233333333333334,9.666666666666668,0.0,0.0,19.8,18.033333333333335,0,0,0,Wednesday,0,8,Summer,0,1.7666666666666657,-1.7666666666666657,0,15105.166666666666,17396,12512,1575.7523438901687,16836.0,18,4884,0,313.0,Up
2025-08-28,17.7,12.366666666666667,15.033333333333333,5.333333333333333,22.1,7.366666666666667,18.8,17.433333333333334,3,0,0,Thursday,0,8,Summer,0,2.966666666666667,-2.966666666666667,1,15384.916666666666,17028,12601,1643.1718245294787,17448.0,20,4427,0,-368.0,Down
2025-08-29,16.733333333333334,10.0,13.366666666666667,6.733333333333332,0.0,0.0,16.9,16.433333333333334,0,0,0,Friday,0,8,Summer,0,4.633333333333333,-4.633333333333333,0,14757.083333333334,16330,12751,1192.1235315573438,16653.708333333332,20,3579,0,-698.0,Down
2025-08-30,19.900000000000002,9.9,14.9,10.0,0.0,0.0,18.4,16.066666666666666,0,0,0,Saturday,1,8,Summer,0,3.0999999999999996,-3.0999999999999996,0,13927.916666666666,15809,12170,1149.9528125164488,15569.0,18,3639,0,-521.0,Down
2025-08-31,21.933333333333334,10.733333333333334,16.333333333333332,11.200000000000001,0.0,0.0,12.9,11.433333333333332,0,0,0,Sunday,1,8,Summer,0,1.6666666666666679,-1.6666666666666679,0,14020.875,16710,12133,1500.8615297627357,15541.083333333334,18,4577,0,901.0,Up
2025-09-01,23.166666666666668,12.433333333333332,17.8,10.733333333333334,0.0,0.0,10.9,10.4,0,0,0,Monday,0,9,Fall,0,0.1999999999999993,-0.1999999999999993,0,14674.041666666666,17923,12202,1963.4679496983772,16238.75,18,5721,0,1213.0,Up
2025-09-02,23.46666666666667,13.666666666666666,18.566666666666666,9.799999999999999,0.2,0.06666666666666667,12.4,11.466666666666667,1,0,0,Tuesday,0,9,Fall,0,0.5666666666666664,0.5666666666666664,1,16327.708333333334,19302,12627,2290.7964910497394,18044.416666666668,17,6675,0,1379.0,Up
2025-09-03,24.7,14.566666666666668,19.633333333333336,10.133333333333335,0.0,0.0,23.1,18.633333333333333,0,2,0,Wednesday,0,9,Fall,0,1.6333333333333364,1.6333333333333364,0,16513.625,19695,13188,2132.896108530045,18383.375,18,6507,0,393.0,Up
2025-09-04,19.466666666666665,10.933333333333332,15.200000000000001,8.533333333333333,51.699999999999996,17.23333333333333,20.1,19.233333333333334,3,0,0,Thursday,0,9,Fall,0,2.799999999999999,-2.799999999999999,1,15796.458333333334,17509,13533,1389.6138963025312,17735.625,17,3976,0,-2186.0,Down
2025-09-05,20.400000000000002,10.200000000000001,15.299999999999999,10.2,5.8,1.9333333333333333,29.7,29.333333333333332,3,0,0,Friday,0,9,Fall,0,2.700000000000001,-2.700000000000001,1,15089.458333333334,17010,12661,1427.2835853365002,18049.20833333333,20,4349,0,-499.0,Down
2025-09-06,18.26666666666667,10.433333333333334,14.350000000000001,7.833333333333335,0.0,0.0,21.5,18.0,0,0,0,Saturday,1,9,Fall,0,3.6499999999999986,-3.6499999999999986,0,14197.625,15799,12477,1078.4611344310283,16466.5,20,3322,0,-1211.0,Down
2025-09-07,16.599999999999998,10.366666666666667,13.483333333333334,6.233333333333334,1.8,0.6,21.1,20.0,3,0,0,Sunday,1,9,Fall,0,4.516666666666666,-4.516666666666666,1,13949.916666666666,16281,12227,1273.2252069199042,15869.083333333334,20,4054,0,482.0,Up
2025-09-08,17.73333333333333,8.666666666666666,13.199999999999998,9.066666666666665,0.0,0.0,17.8,13.366666666666667,0,0,0,Monday,0,9,Fall,0,4.8000000000000025,-4.8000000000000025,0,14919.916666666666,17145,12254,1556.7014155262548,16339.083333333334,20,4891,0,864.0,Up
2025-09-09,20.333333333333332,10.433333333333334,15.383333333333333,9.9,0.0,0.0,15.8,12.033333333333333,0,0,0,Tuesday,0,9,Fall,0,2.616666666666667,-2.616666666666667,0,15005.208333333334,17281,12548,1502.5479513195216,16614.875,18,4733,0,136.0,Up
2025-09-10,22.266666666666666,12.333333333333334,17.299999999999997,9.933333333333332,0.0,0.0,9.6,9.533333333333333,0,0,0,Wednesday,0,9,Fall,0,0.7000000000000028,-0.7000000000000028,0,15614.875,18051,12662,1804.0995179457736,17459.666666666668,18,5389,0,770.0,Up
2025-09-11,23.5,12.366666666666667,17.933333333333334,11.133333333333333,0.2,0.06666666666666667,12.2,12.0,1,0,0,Thursday,0,9,Fall,0,0.06666666666666643,-0.06666666666666643,1,15858.375,18484,12895,1834.9395159443036,17365.75,18,5589,0,433.0,Up
2025-09-12,21.366666666666664,12.733333333333334,17.05,8.633333333333333,0.0,0.0,11.3,10.766666666666666,0,0,0,Friday,0,9,Fall,0,0.9499999999999993,-0.9499999999999993,0,15736.958333333334,17999,13195,1622.3395741461084,17287.416666666668,17,4804,0,-485.0,Down
2025-09-13,22.833333333333332,14.233333333333334,18.533333333333335,8.6,1.5,0.5,15.0,13.4,3,0,0,Saturday,1,9,Fall,0,0.533333333333335,0.533333333333335,1,15090.75,17185,12827,1510.4670527327976,16737.333333333332,18,4358,0,-814.0,Down
2025-09-14,24.099999999999998,15.033333333333333,19.566666666666666,9.066666666666665,0.9,0.3,12.1,10.299999999999999,3,0,0,Sunday,1,9,Fall,0,1.5666666666666664,1.5666666666666664,1,15268.541666666666,18520,12480,2125.973045335418,16997.25,18,6040,0,1335.0,Up
2025-09-15,22.599999999999998,13.833333333333334,18.216666666666665,8.766666666666667,0.0,0.0,10.6,9.733333333333333,0,0,0,Monday,0,9,Fall,0,0.216666666666665,0.216666666666665,0,16128.208333333334,19467,12865,2108.112136675158,18334.25,18,6602,0,947.0,Up
2025-09-16,23.266666666666666,13.466666666666669,18.366666666666667,9.799999999999999,0.0,0.0,11.5,10.1,0,0,0,Tuesday,0,9,Fall,0,0.36666666666666714,0.36666666666666714,0,16145.166666666666,19530,12943,2133.7362345989677,18250.08333333333,17,6587,0,63.0,Up
2025-09-17,23.833333333333332,12.833333333333334,18.333333333333332,11.0,0.0,0.0,7.5,7.433333333333334,0,1,0,Wednesday,0,9,Fall,0,0.33333333333333215,0.33333333333333215,0,16316.875,19544,13031,2200.161403417248,18429.875,18,6513,0,14.0,Up
2025-09-18,25.599999999999998,13.466666666666667,19.53333333333333,12.133333333333333,0.4,0.13333333333333333,19.7,18.7,2,2,0,Thursday,0,9,Fall,1,1.5333333333333314,1.5333333333333314,1,16660.666666666668,19931,13241,2273.6275490686817,18682.625,17,6690,0,387.0,Up
2025-09-19,20.566666666666666,11.566666666666668,16.066666666666666,9.0,0.0,0.0,13.7,13.266666666666666,0,0,0,Friday,0,9,Fall,0,1.9333333333333336,-1.9333333333333336,0,15658.833333333334,17872,13280,1468.594053083977,18215.125,17,4592,0,-2059.0,Down
2025-09-20,17.733333333333334,10.200000000000001,13.966666666666667,7.533333333333334,0.0,0.0,17.0,15.5,0,0,0,Saturday,1,9,Fall,0,4.033333333333333,-4.033333333333333,0,14065.416666666666,16056,12455,1106.9050827956485,16450.916666666668,18,3601,0,-1816.0,Down
2025-09-21,23.8,12.700000000000001,18.25,11.1,9.6,3.1999999999999997,17.8,16.5,3,1,0,Sunday,1,9,Fall,0,0.25,0.25,1,14773.791666666666,17860,12020,1976.002749935745,16570.333333333332,17,5840,0,1804.0,Up
2025-09-22,23.599999999999998,16.966666666666665,20.28333333333333,6.633333333333333,20.0,6.666666666666667,16.8,15.166666666666666,3,0,0,Monday,0,9,Fall,0,2.2833333333333314,2.2833333333333314,1,16702.875,19464,13044,2087.966377217627,18218.45833333333,17,6420,0,1604.0,Up
2025-09-23,23.666666666666668,16.666666666666668,20.166666666666668,7.0,23.4,7.8,9.7,8.966666666666667,3,0,0,Tuesday,0,9,Fall,0,2.166666666666668,2.166666666666668,1,16890.375,19379,13548,1956.924090694151,17777.833333333332,17,5831,0,-85.0,Down
2025-09-24,20.533333333333335,16.8,18.666666666666668,3.733333333333333,20.4,6.8,15.6,13.6,3,0,0,Wednesday,0,9,Fall,0,0.6666666666666679,0.6666666666666679,1,16464.041666666668,18417,13511,1699.918245583202,17993.875,19,4906,0,-962.0,Down
2025-09-25,20.733333333333334,16.433333333333334,18.583333333333332,4.299999999999999,12.299999999999999,4.1,15.9,14.133333333333333,3,0,0,Thursday,0,9,Fall,0,0.5833333333333321,0.5833333333333321,1,16305.375,18181,13419,1680.0723538379032,17892.0,19,4762,0,-236.0,Down
2025-09-26,22.066666666666666,14.333333333333334,18.2,7.733333333333333,0.2,0.06666666666666667,17.8,15.066666666666668,1,0,0,Friday,0,9,Fall,0,0.1999999999999993,0.1999999999999993,1,16024.375,18302,13185,1733.390490452541,17629.333333333332,17,5117,0,121.0,Up
2025-09-27,22.7,14.666666666666666,18.683333333333334,8.033333333333333,1.6,0.5333333333333333,15.7,14.266666666666666,2,0,0,Saturday,1,9,Fall,0,0.6833333333333336,0.6833333333333336,1,15288.291666666666,17844,12844,1683.0420046727156,16723.666666666668,18,5000,0,-458.0,Down
2025-09-28,21.666666666666668,14.700000000000001,18.183333333333334,6.966666666666666,0.0,0.0,17.7,15.666666666666666,0,0,0,Sunday,1,9,Fall,0,0.18333333333333357,0.18333333333333357,0,14842.541666666666,17861,12469,1752.1722413637872,16033.875,18,5392,0,17.0,Up
2025-09-29,22.8,10.9,16.849999999999998,11.9,0.0,0.0,14.4,10.066666666666666,0,0,0,Monday,0,9,Fall,0,1.1500000000000021,-1.1500000000000021,0,15700.75,18999,12504,2032.397026644411,16782.333333333332,17,6495,0,1138.0,Up
2025-09-30,20.7,12.666666666666666,16.683333333333334,8.033333333333331,0.0,0.0,16.6,15.266666666666666,0,0,0,Tuesday,0,9,Fall,0,1.3166666666666664,-1.3166666666666664,0,15377.041666666666,18155,12723,1689.7265402416751,16980.541666666668,17,5432,0,-844.0,Down
2025-10-01,17.099999999999998,8.7,12.9,8.4,0.0,0.0,16.3,15.4,0,0,0,Wednesday,0,10,Fall,0,5.1,-5.1,0,14667.458333333334,16697,12412,1369.578163528645,16701.333333333332,19,4285,0,-1458.0,Down
2025-10-02,18.066666666666666,8.5,13.283333333333333,9.566666666666666,0.0,0.0,12.7,12.4,0,0,0,Thursday,0,10,Fall,0,4.716666666666667,-4.716666666666667,0,14818.333333333334,16997,12406,1486.2563903886216,16649.708333333332,18,4591,0,300.0,Up
2025-10-03,22.766666666666666,7.933333333333334,15.35,14.833333333333334,0.0,0.0,10.5,8.5,0,1,0,Friday,0,10,Fall,0,2.6500000000000004,-2.6500000000000004,0,15239.208333333334,17882,12638,1617.7535142817694,16761.833333333332,18,5244,0,885.0,Up
2025-10-04,25.2,12.633333333333333,18.916666666666668,12.566666666666668,0.0,0.0,14.8,12.566666666666668,0,1,0,Saturday,1,10,Fall,1,0.9166666666666679,0.9166666666666679,0,15212.791666666666,18555,12599,1959.0483044218104,16634.291666666668,17,5956,0,673.0,Up
2025-10-05,26.566666666666666,14.966666666666667,20.766666666666666,11.6,0.0,0.0,18.5,14.9,0,3,0,Sunday,1,10,Fall,1,2.7666666666666657,2.7666666666666657,0,15581.375,19380,12472,2357.3016964409708,17276.958333333332,17,6908,0,825.0,Up
2025-10-06,25.766666666666666,14.866666666666667,20.316666666666666,10.9,0.0,0.0,18.7,18.2,0,2,0,Monday,0,10,Fall,1,2.3166666666666664,2.3166666666666664,0,16739.833333333332,20335,13113,2355.549205168726,18753.95833333333,17,7222,1,955.0,Up
2025-10-07,21.066666666666666,13.6,17.333333333333332,7.466666666666666,44.2,14.733333333333334,21.1,18.833333333333332,3,0,0,Tuesday,0,10,Fall,0,0.6666666666666679,-0.6666666666666679,1,16372.041666666666,18041,13687,1646.2490825105006,18379.0,13,4354,0,-2294.0,Down
2025-10-08,14.0,7.233333333333333,10.616666666666667,6.766666666666667,0.0,0.0,21.7,20.400000000000002,0,0,0,Wednesday,0,10,Fall,0,7.383333333333333,-7.383333333333333,0,14708.125,16633,12761,1133.2576096292532,17084.958333333332,19,3872,0,-1408.0,Down
2025-10-09,11.6,3.5,7.550000000000001,8.1,0.0,0.0,11.8,11.033333333333333,0,0,0,Thursday,0,10,Fall,0,10.45,-10.45,0,14834.083333333334,16906,12658,1303.49793337728,16617.375,19,4248,0,273.0,Up
2025-10-10,15.966666666666667,4.766666666666667,10.366666666666667,11.200000000000001,1.6,0.5333333333333333,18.7,18.266666666666666,2,0,0,Friday,0,10,Fall,0,7.633333333333333,-7.633333333333333,1,14829.833333333334,16696,13141,1095.2906172481737,16669.0,19,3555,0,-210.0,Down
2025-10-11,15.466666666666667,10.866666666666667,13.166666666666666,4.6,12.1,4.033333333333333,18.7,17.3,3,0,0,Saturday,1,10,Fall,0,4.833333333333334,-4.833333333333334,1,14262.958333333334,15623,12496,1065.3274442188167,15888.208333333334,18,3127,0,-1073.0,Down
2025-10-12,17.966666666666665,9.6,13.783333333333331,8.366666666666667,0.7,0.2333333333333333,20.0,17.0,1,0,0,Sunday,1,10,Fall,0,4.216666666666669,-4.216666666666669,1,13652.458333333334,15047,12219,950.2935921239726,15643.666666666666,19,2828,0,-576.0,Down
2025-10-13,17.933333333333334,10.433333333333332,14.183333333333332,7.5,0.0,0.0,15.7,14.666666666666666,0,0,0,Monday,0,10,Fall,0,3.816666666666668,-3.816666666666668,0,13709.666666666666,15734,11809,1272.1749834066854,15778.958333333334,19,3925,0,687.0,Up
2025-10-14,19.633333333333336,8.133333333333333,13.883333333333335,11.5,0.0,0.0,24.1,20.666666666666668,0,0,0,Tuesday,0,10,Fall,0,4.116666666666665,-4.116666666666665,0,14893.333333333334,17024,12535,1426.9706638057835,16483.833333333332,19,4489,0,1290.0,Up
2025-10-15,13.299999999999999,7.333333333333333,10.316666666666668,5.966666666666666,0.0,0.0,20.4,17.266666666666666,0,0,0,Wednesday,0,10,Fall,0,7.683333333333332,-7.683333333333332,0,14881.791666666666,16660,12807,1249.4355239960128,16552.958333333332,19,3853,0,-364.0,Down
2025-10-16,13.733333333333334,3.3333333333333335,8.533333333333333,10.4,0.0,0.0,17.5,16.099999999999998,0,0,0,Thursday,0,10,Fall,0,9.466666666666667,-9.466666666666667,0,14849.291666666666,16981,13035,1206.617639777899,16239.166666666666,19,3946,0,321.0,Up
2025-10-17,11.700000000000001,3.2000000000000006,7.45,8.5,4.800000000000001,1.6000000000000003,15.5,13.1,3,0,0,Friday,0,10,Fall,0,10.55,-10.55,1,15466.041666666666,16890,13408,1288.1364861240677,16948.25,17,3482,0,-91.0,Down
2025-10-18,19.666666666666668,10.700000000000001,15.183333333333335,8.966666666666667,3.3,1.0999999999999999,18.6,16.333333333333332,3,0,0,Saturday,1,10,Fall,0,2.8166666666666647,-2.8166666666666647,1,14261.791666666666,15793,12737,974.5658109781698,16140.458333333334,17,3056,0,-1097.0,Down
2025-10-19,21.2,13.733333333333334,17.466666666666665,7.466666666666668,37.2,12.4,29.4,28.7,3,0,0,Sunday,1,10,Fall,0,0.533333333333335,-0.533333333333335,1,14190.708333333334,16354,12088,1520.3120240142553,16016.708333333334,16,4266,0,561.0,Up
2025-10-20,13.866666666666667,6.833333333333333,10.35,7.033333333333332,25.4,8.466666666666667,30.9,28.666666666666668,3,0,0,Monday,0,10,Fall,0,7.65,-7.65,1,14977.416666666666,17007,12302,1520.0798296161286,16848.416666666668,19,4705,0,653.0,Up
2025-10-21,14.633333333333333,4.366666666666666,9.5,10.266666666666667,2.1,0.7000000000000001,21.1,19.2,3,0,0,Tuesday,0,10,Fall,0,8.5,-8.5,1,15190.166666666666,16889,12843,1361.2332537131522,17286.708333333332,19,4046,0,-118.0,Down
2025-10-22,11.433333333333332,5.733333333333333,8.583333333333334,5.7,7.300000000000001,2.4333333333333336,15.7,14.866666666666667,3,0,0,Wednesday,0,10,Fall,0,9.416666666666666,-9.416666666666666,1,15353.666666666666,17057,12901,1406.4933473827325,17472.5,19,4156,0,168.0,Up
2025-10-23,11.166666666666666,5.7,8.433333333333332,5.466666666666666,7.800000000000001,2.6,17.7,16.766666666666666,3,0,0,Thursday,0,10,Fall,0,9.566666666666668,-9.566666666666668,1,15512.041666666666,17191,13108,1371.690023266021,17869.166666666668,19,4083,0,134.0,Up
2025-10-24,9.333333333333334,4.6000000000000005,6.966666666666666,4.733333333333333,2.5999999999999996,0.8666666666666666,19.0,17.066666666666666,2,0,0,Friday,0,10,Fall,0,11.033333333333335,-11.033333333333335,1,15592.916666666666,17058,13528,1229.3942275229156,17782.166666666668,18,3530,0,-133.0,Down
2025-10-25,10.6,2.1999999999999997,6.3999999999999995,8.4,1.5,0.5,14.6,13.766666666666666,2,0,0,Saturday,1,10,Fall,0,11.600000000000001,-11.600000000000001,1,14844.125,16441,13383,944.5695735877932,16724.0,18,3058,0,-617.0,Down
2025-10-26,7.666666666666667,-0.39999999999999997,3.6333333333333333,8.066666666666666,0.0,0.0,12.8,11.366666666666667,0,0,2,Sunday,1,10,Fall,1,14.366666666666667,-14.366666666666667,0,14561.291666666666,16710,13166,1072.9647459327311,16136.375,19,3544,0,269.0,Up
2025-10-27,8.9,0.9666666666666667,4.933333333333334,7.933333333333334,0.0,0.0,14.5,13.233333333333334,0,0,1,Monday,0,10,Fall,0,13.066666666666666,-13.066666666666666,0,15498.541666666666,17510,13522,1248.4548355664597,17449.541666666668,19,3988,0,800.0,Up
2025-10-28,10.866666666666667,3.3333333333333335,7.1000000000000005,7.533333333333334,0.4,0.13333333333333333,19.2,18.5,1,0,0,Tuesday,0,10,Fall,0,10.899999999999999,-10.899999999999999,1,15447.833333333334,17430,13621,1197.9075839605262,17656.416666666668,19,3809,0,-80.0,Down
2025-10-29,10.533333333333333,2.4333333333333336,6.483333333333333,8.1,0.0,0.0,14.9,13.933333333333332,0,0,0,Wednesday,0,10,Fall,0,11.516666666666666,-11.516666666666666,0,15567.541666666666,17264,13814,1070.5741644868262,17667.208333333332,19,3450,0,-166.0,Down
2025-10-30,7.433333333333334,4.6000000000000005,6.016666666666667,2.8333333333333335,36.6,12.200000000000001,23.8,22.266666666666666,3,0,0,Thursday,0,10,Fall,0,11.983333333333334,-11.983333333333334,1,16238.875,17854,13742,1470.0220144018554,18345.0,17,4112,0,590.0,Up
2025-10-31,7.166666666666667,4.233333333333333,5.7,2.933333333333333,24.0,8.0,32.8,29.966666666666665,3,0,0,Friday,0,10,Fall,0,12.3,-12.3,1,15866.75,17455,13739,1232.3435873940782,18020.916666666668,17,3716,0,-399.0,Down
2025-11-01,7.833333333333333,1.9333333333333336,4.883333333333334,5.900000000000001,0.7,0.2333333333333333,19.8,18.266666666666666,2,0,0,Saturday,1,11,Fall,0,13.116666666666667,-13.116666666666667,1,15406.25,16892,13693,1062.1681374311288,16835.666666666668,19,3199,0,-563.0,Down
2025-11-02,9.799999999999999,-0.6333333333333333,4.583333333333333,10.433333333333332,0.0,0.0,17.4,13.200000000000001,0,0,2,Sunday,1,11,Fall,1,13.416666666666668,-13.416666666666668,0,14887.541666666666,17169,13606,1026.2855344339644,16652.791666666668,18,3563,0,277.0,Up
2025-11-03,9.1,4.966666666666667,7.033333333333334,4.133333333333333,5.2,1.7333333333333334,28.8,26.03333333333333,3,0,0,Monday,0,11,Fall,0,10.966666666666665,-10.966666666666665,1,15881.875,17853,13202,1614.2794950204486,19014.5,18,4651,0,684.0,Up
2025-11-04,12.233333333333334,3.9,8.066666666666668,8.333333333333334,1.2,0.39999999999999997,26.1,24.2,1,0,0,Tuesday,0,11,Fall,0,9.933333333333332,-9.933333333333332,1,15529.25,17755,13764,1242.148393081431,17763.125,18,3991,0,-98.0,Down
2025-11-05,10.566666666666668,4.766666666666667,7.666666666666667,5.8,11.8,3.9333333333333336,29.9,27.23333333333333,3,0,0,Wednesday,0,11,Fall,0,10.333333333333332,-10.333333333333332,1,16209.75,17848,13628,1508.30077873428,18378.25,18,4220,0,93.0,Up
2025-11-06,5.966666666666666,0.8333333333333334,3.4,5.133333333333334,0.8,0.26666666666666666,24.3,22.2,2,0,1,Thursday,0,11,Fall,0,14.6,-14.6,1,16312.916666666666,18256,14154,1320.5687811685923,17904.583333333332,19,4102,0,408.0,Up
2025-11-07,10.1,0.9,5.5,9.2,10.1,3.3666666666666667,24.6,21.833333333333332,3,0,1,Friday,0,11,Fall,0,12.5,-12.5,1,16570.208333333332,18464,14249,1455.850983152097,19006.33333333333,17,4215,0,208.0,Up
2025-11-08,7.8999999999999995,0.3333333333333333,4.116666666666667,7.566666666666666,0.4,0.13333333333333333,26.1,22.366666666666664,1,0,1,Saturday,1,11,Fall,0,13.883333333333333,-13.883333333333333,1,15639.541666666666,17722,13627,1213.2085013523538,17181.875,18,4095,0,-742.0,Down
2025-11-09,0.4333333333333333,-2.9333333333333336,-1.2499999999999998,3.366666666666667,21.5,7.166666666666667,24.3,21.46666666666667,3,0,3,Sunday,1,11,Fall,1,19.25,-19.25,1,16653.791666666668,19056,14091,1683.4999510379928,18599.0,18,4965,0,1334.0,Up
2025-11-10,-2.766666666666667,-5.133333333333334,-3.9500000000000006,2.3666666666666667,5.5,1.8333333333333333,23.3,20.433333333333334,3,0,3,Monday,0,11,Fall,1,21.95,-21.95,1,17671.791666666668,19731,15033,1648.934859872108,18845.041666666668,18,4698,0,675.0,Up
2025-11-11,1.7333333333333334,-5.233333333333333,-1.75,6.966666666666666,2.1,0.7000000000000001,20.7,18.233333333333334,3,0,3,Tuesday,0,11,Fall,1,19.75,-19.75,1,17460.75,19581,15230,1332.2526281518035,19445.125,18,4351,0,-150.0,Down
2025-11-12,5.766666666666667,0.06666666666666665,2.9166666666666665,5.7,4.3,1.4333333333333333,22.9,20.599999999999998,3,0,2,Wednesday,0,11,Fall,0,15.083333333333334,-15.083333333333334,1,17040.666666666668,18833,14939,1305.858094250229,19366.166666666668,18,3894,0,-748.0,Down
2025-11-13,5.966666666666666,1.7333333333333332,3.85,4.233333333333333,7.8,2.6,24.6,23.53333333333333,3,0,0,Thursday,0,11,Fall,0,14.15,-14.15,1,16684.0,18969,14445,1411.4370721699397,18747.166666666668,18,4524,0,136.0,Up
2025-11-14,8.133333333333333,0.3333333333333334,4.233333333333333,7.800000000000001,0.1,0.03333333333333333,13.2,11.966666666666667,1,0,2,Friday,0,11,Fall,0,13.766666666666666,-13.766666666666666,1,16719.708333333332,18429,14707,1172.868593372181,18148.625,18,3722,0,-540.0,Down
2025-11-15,9.233333333333334,0.03333333333333336,4.633333333333334,9.200000000000001,29.9,9.966666666666667,30.2,26.866666666666664,3,0,2,Saturday,1,11,Fall,0,13.366666666666667,-13.366666666666667,1,16029.041666666666,17978,13999,1327.411783007317,18241.375,18,3979,0,-451.0,Down
2025-11-16,7.533333333333334,-0.5666666666666667,3.483333333333333,8.1,8.1,2.6999999999999997,34.5,33.300000000000004,2,0,3,Sunday,1,11,Fall,1,14.516666666666667,-14.516666666666667,1,15934.625,18511,13643,1546.780072405674,18155.20833333333,18,4868,0,533.0,Up
2025-11-17,2.3000000000000003,-1.0,0.65,3.2999999999999994,4.1000000000000005,1.366666666666667,27.6,26.233333333333334,2,0,3,Monday,0,11,Fall,1,17.35,-17.35,1,17179.041666666668,19530,14571,1580.7514030322436,18645.08333333333,18,4959,0,1019.0,Up
2025-11-18,4.233333333333333,-1.2,1.5166666666666666,5.433333333333334,0.0,0.0,13.6,12.0,0,0,2,Tuesday,0,11,Fall,1,16.483333333333334,-16.483333333333334,0,17312.416666666668,19192,15096,1326.0820984705508,18595.70833333333,18,4096,0,-338.0,Down
2025-11-19,4.7,-2.6,1.05,7.3,0.0,0.0,9.6,9.0,0,0,3,Wednesday,0,11,Fall,1,16.95,-16.95,0,17125.75,19199,15221,1251.4887916606258,18557.33333333333,18,3978,0,7.0,Up
2025-11-20,5.133333333333334,-1.9666666666666666,1.5833333333333333,7.1000000000000005,0.0,0.0,15.3,11.533333333333333,0,0,3,Thursday,0,11,Fall,1,16.416666666666668,-16.416666666666668,0,17201.208333333332,19150,15201,1177.764130042382,18646.291666666668,18,3949,0,-49.0,Down
2025-11-21,8.533333333333333,0.9333333333333332,4.733333333333333,7.6000000000000005,2.9,0.9666666666666667,21.0,19.833333333333332,3,0,1,Friday,0,11,Fall,0,13.266666666666666,-13.266666666666666,1,16789.125,18466,14660,1166.2324070158193,18445.20833333333,18,3806,0,-684.0,Down
2025-11-22,4.3,-0.4333333333333334,1.9333333333333336,4.733333333333333,0.2,0.06666666666666667,18.5,15.0,1,0,2,Saturday,1,11,Fall,1,16.066666666666666,-16.066666666666666,1,16037.041666666666,18278,14367,1140.6739990468143,17305.166666666668,18,3911,0,-188.0,Down
2025-11-23,7.3,0.3666666666666667,3.8333333333333335,6.933333333333333,8.2,2.733333333333333,27.7,24.633333333333336,3,0,2,Sunday,1,11,Fall,0,14.166666666666666,-14.166666666666666,1,15852.625,18430,13764,1303.1097525434736,17555.958333333332,18,4666,0,152.0,Up
2025-11-24,6.966666666666666,-0.8333333333333334,3.0666666666666664,7.8,0.0,0.0,18.6,16.900000000000002,0,0,2,Monday,0,11,Fall,1,14.933333333333334,-14.933333333333334,0,16660.083333333332,19053,14277,1458.4816976290244,17917.208333333332,18,4776,0,623.0,Up
2025-11-25,8.566666666666666,3.8333333333333335,6.2,4.733333333333333,14.9,4.966666666666667,15.4,13.200000000000001,3,0,0,Tuesday,0,11,Fall,0,11.8,-11.8,1,16931.833333333332,18879,14414,1479.5962042179722,18003.625,18,4465,0,-174.0,Down
2025-11-26,10.433333333333332,1.0666666666666667,5.75,9.366666666666667,2.1,0.7000000000000001,29.6,27.100000000000005,3,0,0,Wednesday,0,11,Fall,0,12.25,-12.25,1,16790.666666666668,18870,14183,1497.9163982785824,18060.58333333333,18,4687,0,-9.0,Down
2025-11-27,2.233333333333333,-1.0999999999999999,0.5666666666666667,3.3333333333333335,4.2,1.4000000000000001,31.3,31.066666666666666,3,0,2,Thursday,0,11,Fall,1,17.433333333333334,-17.433333333333334,1,17453.75,19641,14843,1491.6603019862594,18753.58333333333,18,4798,0,771.0,Up
2025-11-28,0.10000000000000002,-2.733333333333333,-1.3166666666666667,2.8333333333333335,17.2,5.733333333333333,24.6,24.3,3,0,3,Friday,0,11,Fall,1,19.316666666666666,-19.316666666666666,1,17505.25,19474,15010,1382.9727983115097,18825.0,18,4464,0,-167.0,Down
2025-11-29,-0.033333333333333326,-4.466666666666666,-2.25,4.433333333333334,1.2,0.39999999999999997,19.3,18.633333333333336,1,0,3,Saturday,1,11,Fall,1,20.25,-20.25,1,17109.875,19077,15477,1023.9714802626604,18362.33333333333,18,3600,0,-397.0,Down
2025-11-30,2.6,-1.4666666666666666,0.5666666666666668,4.066666666666666,26.8,8.933333333333334,27.5,26.633333333333336,3,0,2,Sunday,1,11,Fall,1,17.433333333333334,-17.433333333333334,1,17128.375,19277,14905,1469.661860325583,18763.291666666668,18,4372,0,200.0,Up
2025-12-01,-2.1333333333333333,-8.299999999999999,-5.216666666666667,6.166666666666667,0.7,0.2333333333333333,26.0,23.7,3,0,3,Monday,0,12,Winter,1,23.21666666666667,-23.21666666666667,1,18266.791666666668,20802,15348,1744.6919992082985,19702.541666666668,18,5454,1,1525.0,Up
2025-12-02,-1.3,-7.7,-4.5,6.3999999999999995,5.2,1.7333333333333334,13.5,12.966666666666667,3,0,3,Tuesday,0,12,Winter,1,22.5,-22.5,1,18340.83333333333,20003,16239,1273.5268272439894,19785.70833333333,18,3764,0,-799.0,Down
2025-12-03,0.09999999999999994,-8.633333333333333,-4.266666666666667,8.733333333333333,2.1,0.7000000000000001,25.6,22.933333333333334,3,0,3,Wednesday,0,12,Winter,1,22.266666666666666,-22.266666666666666,1,18354.791666666668,20415,15732,1541.467482040541,21079.20833333333,18,4683,1,412.0,Up
2025-12-04,-1.7333333333333334,-13.433333333333332,-7.583333333333333,11.700000000000001,7.0,2.3333333333333335,25.4,24.266666666666666,3,0,3,Thursday,0,12,Winter,1,25.583333333333332,-25.583333333333332,1,18925.75,21406,16115,1713.886639496172,21324.625,18,5291,1,991.0,Up
2025-12-05,-2.1333333333333333,-15.399999999999999,-8.766666666666666,13.266666666666666,0.0,0.0,17.9,17.2,0,0,3,Friday,0,12,Winter,1,26.766666666666666,-26.766666666666666,0,18813.58333333333,20729,17071,1110.4658605901548,21476.70833333333,18,3658,1,-677.0,Down
2025-12-06,0.26666666666666666,-2.966666666666667,-1.3499999999999999,3.233333333333333,0.1,0.03333333333333333,25.1,22.666666666666668,1,0,3,Saturday,1,12,Winter,1,19.35,-19.35,1,17643.083333333332,19481,15643,1300.3463056019937,20635.625,18,3838,0,-1248.0,Down
2025-12-07,-1.7333333333333334,-7.866666666666667,-4.8,6.133333333333334,4.7,1.5666666666666667,20.9,17.233333333333334,3,0,3,Sunday,1,12,Winter,1,22.8,-22.8,1,17750.75,20147,15335,1578.136276972192,20141.166666666668,18,4812,0,666.0,Up
2025-12-08,-5.8,-16.566666666666666,-11.183333333333332,10.766666666666666,0.0,0.0,17.8,16.900000000000002,0,0,3,Monday,0,12,Winter,1,29.18333333333333,-29.18333333333333,0,19087.20833333333,21364,16401,1579.0817358905742,21140.625,18,4963,1,1217.0,Up
2025-12-09,-0.6666666666666666,-12.133333333333333,-6.3999999999999995,11.466666666666667,4.800000000000001,1.6000000000000003,27.0,24.133333333333336,3,0,3,Tuesday,0,12,Winter,1,24.4,-24.4,1,19283.291666666668,21394,16914,1510.2123512984829,22260.625,18,4480,1,30.0,Up
2025-12-10,0.43333333333333335,-6.133333333333333,-2.85,6.566666666666666,36.2,12.066666666666668,31.7,28.53333333333333,3,0,3,Wednesday,0,12,Winter,1,20.85,-20.85,1,18740.58333333333,20526,16247,1472.6127894107897,21621.916666666668,18,4279,1,-868.0,Down
2025-12-11,-6.766666666666667,-11.533333333333333,-9.15,4.766666666666667,5.6000000000000005,1.866666666666667,26.0,24.766666666666666,3,0,3,Thursday,0,12,Winter,1,27.15,-27.15,1,19087.166666666668,21115,16523,1469.495023192799,21383.875,18,4592,1,589.0,Up
2025-12-12,-1.4666666666666668,-10.933333333333332,-6.2,9.466666666666667,2.7,0.9,21.7,20.0,1,0,3,Friday,0,12,Winter,1,24.2,-24.2,1,18854.0,20559,16954,1130.8952975024008,20853.33333333333,18,3605,1,-556.0,Down
2025-12-13,-2.533333333333333,-8.633333333333335,-5.583333333333333,6.1000000000000005,2.5,0.8333333333333334,25.0,23.266666666666666,3,0,3,Saturday,1,12,Winter,1,23.583333333333332,-23.583333333333332,1,18194.875,20329,16068,1377.2657320717494,21202.666666666668,18,4261,0,-230.0,Down
2025-12-14,-8.833333333333334,-13.866666666666667,-11.35,5.033333333333332,1.1,0.3666666666666667,19.7,18.3,2,0,3,Sunday,1,12,Winter,1,29.35,-29.35,1,18639.0,21148,16499,1451.3465711418526,21488.375,18,4649,1,819.0,Up
2025-12-15,-5.233333333333333,-11.799999999999999,-8.516666666666666,6.566666666666667,4.3,1.4333333333333333,21.2,20.633333333333333,3,0,3,Monday,0,12,Winter,1,26.516666666666666,-26.516666666666666,1,19582.166666666668,21130,17144,1437.4627607022712,22595.125,18,3986,1,-18.0,Down
2025-12-16,-0.39999999999999997,-10.0,-5.2,9.600000000000001,0.4,0.13333333333333333,25.7,23.400000000000002,1,0,3,Tuesday,0,12,Winter,1,23.2,-23.2,1,18943.0,20473,16741,1297.3780582725135,21999.83333333333,18,3732,1,-657.0,Down
2025-12-17,3.466666666666667,-2.8333333333333335,0.3166666666666667,6.3,0.1,0.03333333333333333,33.3,28.899999999999995,1,0,3,Wednesday,0,12,Winter,1,17.683333333333334,-17.683333333333334,1,18305.875,20112,15801,1436.5413268317934,21281.416666666668,18,4311,0,-361.0,Down
2025-12-18,6.7,-3.3666666666666667,1.6666666666666667,10.066666666666668,1.9,0.6333333333333333,32.1,26.133333333333336,3,0,3,Thursday,0,12,Winter,1,16.333333333333332,-16.333333333333332,1,17704.666666666668,19208,15621,1190.7787246228802,20552.875,17,3587,0,-904.0,Down
2025-12-19,7.666666666666667,-5.533333333333334,1.0666666666666667,13.200000000000001,29.700000000000003,9.9,36.9,34.9,3,0,3,Friday,0,12,Winter,1,16.933333333333334,-16.933333333333334,1,18175.291666666668,20170,15181,1763.7075938060927,20887.375,18,4989,0,962.0,Up
2025-12-20,2.2666666666666666,-6.466666666666666,-2.1,8.733333333333334,2.6,0.8666666666666667,28.2,27.166666666666668,3,0,3,Saturday,1,12,Winter,1,20.1,-20.1,1,17873.875,19362,15991,1214.9528998743292,20297.875,13,3371,0,-808.0,Down
2025-12-21,1.5999999999999999,-5.8999999999999995,-2.15,7.5,3.3,1.0999999999999999,34.7,32.53333333333334,2,0,3,Sunday,1,12,Winter,1,20.15,-20.15,1,17622.5,20108,15183,1559.4378028217618,20053.0,18,4925,0,746.0,Up
2025-12-22,1.7,-7.833333333333333,-3.0666666666666664,9.533333333333333,0.4,0.13333333333333333,17.8,15.9,2,0,3,Monday,0,12,Winter,1,21.066666666666666,-21.066666666666666,1,18295.5,19992,16268,1246.1640969478049,20625.58333333333,18,3724,0,-116.0,Down
2025-12-23,2.433333333333333,0.13333333333333333,1.2833333333333334,2.3000000000000003,20.4,6.8,31.3,23.7,3,0,1,Tuesday,0,12,Winter,0,16.716666666666665,-16.716666666666665,1,17802.791666666668,19312,15728,1262.4226529614175,20583.291666666668,18,3584,0,-680.0,Down
2025-12-24,1.9333333333333333,-4.3,-1.1833333333333333,6.233333333333333,0.2,0.06666666666666667,32.1,28.400000000000002,1,0,3,Wednesday,0,12,Winter,1,19.183333333333334,-19.183333333333334,1,16710.958333333332,18576,14840,1114.2058774386535,19005.625,18,3736,0,-736.0,Down
2025-12-25,1.0999999999999999,-9.166666666666666,-4.033333333333333,10.266666666666666,0.0,0.0,22.8,21.066666666666666,0,0,3,Thursday,0,12,Winter,1,22.03333333333333,-22.03333333333333,0,16043.916666666666,18020,14264,1177.5791643901478,18488.33333333333,18,3756,0,-556.0,Down
2025-12-26,-4.066666666666666,-10.133333333333333,-7.099999999999999,6.0666666666666655,33.1,11.033333333333333,33.3,32.699999999999996,3,0,3,Friday,0,12,Winter,1,25.099999999999998,-25.099999999999998,1,17656.25,19569,15235,1593.811653538938,20447.95833333333,18,4334,0,1549.0,Up
2025-12-27,-5.8999999999999995,-11.033333333333333,-8.466666666666667,5.133333333333333,0.0,0.0,17.5,15.333333333333334,0,0,3,Saturday,1,12,Winter,1,26.46666666666667,-26.46666666666667,0,17885.75,19865,15966,1263.4667714699478,20610.416666666668,18,3899,0,296.0,Up
2025-12-28,1.3,-5.333333333333333,-2.0166666666666666,6.633333333333333,71.2,23.733333333333334,22.3,20.433333333333334,3,0,3,Sunday,1,12,Winter,1,20.016666666666666,-20.016666666666666,1,17690.25,19624,15767,1286.2933687284467,20487.20833333333,18,3857,0,-241.0,Down
2025-12-29,6.766666666666667,-8.533333333333333,-0.8833333333333333,15.300000000000002,23.299999999999997,7.766666666666666,36.4,34.699999999999996,3,0,3,Monday,0,12,Winter,1,18.883333333333333,-18.883333333333333,1,17428.583333333332,19716,14703,1656.1521384815774,20636.83333333333,18,5013,0,92.0,Up
2025-12-30,-5.633333333333333,-10.766666666666666,-8.200000000000001,5.133333333333334,7.0,2.3333333333333335,38.3,33.5,3,0,3,Tuesday,0,12,Winter,1,26.200000000000003,-26.200000000000003,1,18018.916666666668,20155,15838,1368.5805377856975,21443.0,18,4317,0,439.0,Up
2025-12-31,-4.333333333333333,-9.033333333333333,-6.683333333333333,4.7,10.5,3.5,27.4,25.333333333333332,3,0,3,Wednesday,0,12,Winter,1,24.683333333333334,-24.683333333333334,1,17826.375,19558,15807,1182.9858984238012,21191.791666666668,18,3751,0,-597.0,Down
2026-01-01,-8.633333333333333,-16.5,-12.566666666666665,7.866666666666666,3.2,1.0666666666666667,21.7,21.400000000000002,3,0,3,Thursday,0,1,Winter,1,30.566666666666663,-30.566666666666663,1,17684.291666666668,19910,16155,1103.4869428185436,21060.166666666668,18,3755,0,352.0,Up
2026-01-02,-5.8999999999999995,-10.833333333333334,-8.366666666666667,4.933333333333334,5.1000000000000005,1.7000000000000002,23.4,22.366666666666664,2,0,3,Friday,0,1,Winter,1,26.366666666666667,-26.366666666666667,1,18236.666666666668,20268,16133,1281.2447977978504,21369.45833333333,18,4135,0,358.0,Up
2026-01-03,-4.466666666666666,-8.6,-6.533333333333334,4.133333333333334,3.8,1.2666666666666666,22.8,19.766666666666666,3,0,3,Saturday,1,1,Winter,1,24.533333333333335,-24.533333333333335,1,18308.08333333333,20512,16395,1272.4086340024808,21406.541666666668,18,4117,1,244.0,Up
2026-01-04,-3.6666666666666665,-8.6,-6.133333333333333,4.933333333333334,2.5,0.8333333333333334,17.8,15.299999999999999,3,0,3,Sunday,1,1,Winter,1,24.133333333333333,-24.133333333333333,1,18312.541666666668,20708,16452,1347.6371263345943,21227.45833333333,18,4256,1,196.0,Up
2026-01-05,-1.2333333333333334,-9.1,-5.166666666666667,7.866666666666667,13.4,4.466666666666667,18.4,18.099999999999998,3,0,3,Monday,0,1,Winter,1,23.166666666666668,-23.166666666666668,1,18847.416666666668,20931,16175,1604.7788935244157,21729.375,18,4756,1,223.0,Up
2026-01-06,0.5,-4.8999999999999995,-2.1999999999999997,5.3999999999999995,28.8,9.6,22.2,20.566666666666666,3,0,3,Tuesday,0,1,Winter,1,20.2,-20.2,1,18788.041666666668,20894,16225,1597.1617891738758,21482.916666666668,18,4669,1,-37.0,Down
2026-01-07,1.8666666666666665,-0.5666666666666667,0.65,2.433333333333333,9.3,3.1,17.5,15.666666666666666,3,0,2,Wednesday,0,1,Winter,1,17.35,-17.35,1,18295.0,19978,16041,1354.386272048356,20876.83333333333,18,3937,0,-916.0,Down
2026-01-08,3.366666666666667,-0.26666666666666666,1.55,3.6333333333333333,0.0,0.0,20.8,16.566666666666666,0,0,2,Thursday,0,1,Winter,1,16.45,-16.45,0,17324.25,18853,15301,1226.6063203886536,20327.125,18,3552,0,-1125.0,Down
2026-01-09,11.666666666666666,1.1666666666666667,6.416666666666667,10.5,11.2,3.733333333333333,40.9,38.199999999999996,3,0,0,Friday,0,1,Winter,0,11.583333333333332,-11.583333333333332,1,16877.166666666668,18521,14674,1322.8326873949634,19803.20833333333,18,3847,0,-332.0,Down
2026-01-10,2.533333333333333,-2.3333333333333335,0.10000000000000002,4.866666666666667,16.0,5.333333333333333,26.3,23.900000000000002,3,0,3,Saturday,1,1,Winter,1,17.9,-17.9,1,16910.791666666668,19238,14734,1491.657729104469,19273.125,18,4504,0,717.0,Up
2026-01-11,1.5,-5.1000000000000005,-1.8,6.6000000000000005,1.9,0.6333333333333333,31.7,30.099999999999998,1,0,3,Sunday,1,1,Winter,1,19.8,-19.8,1,17051.666666666668,19766,14679,1621.084813023208,19453.625,18,5087,0,528.0,Up
2026-01-12,-0.26666666666666666,-3.5666666666666664,-1.9166666666666667,3.3000000000000003,3.7,1.2333333333333334,25.4,23.53333333333333,3,0,3,Monday,0,1,Winter,1,19.916666666666668,-19.916666666666668,1,18162.375,20127,15334,1585.4730692322944,21117.041666666668,18,4793,0,361.0,Up
2026-01-13,3.733333333333333,-2.8666666666666667,0.43333333333333335,6.6000000000000005,2.7,0.9,28.3,27.900000000000002,3,0,3,Tuesday,0,1,Winter,1,17.566666666666666,-17.566666666666666,1,17735.958333333332,19575,15550,1358.4860332503365,20080.916666666668,18,4025,0,-552.0,Down
2026-01-14,4.0,-6.533333333333334,-1.2666666666666668,10.533333333333333,4.5,1.5,27.2,23.900000000000002,3,0,3,Wednesday,0,1,Winter,1,19.266666666666666,-19.266666666666666,1,17884.375,20124,14815,1771.666467101572,20557.95833333333,18,5309,0,549.0,Up
2026-01-15,-7.833333333333333,-14.733333333333334,-11.283333333333333,6.900000000000001,41.1,13.700000000000001,30.8,25.733333333333334,3,0,3,Thursday,0,1,Winter,1,29.28333333333333,-29.28333333333333,1,19561.166666666668,21616,16695,1682.8333423042857,22343.791666666668,18,4921,1,1492.0,Up
2026-01-16,-2.566666666666667,-16.333333333333332,-9.450000000000001,13.766666666666667,6.5,2.1666666666666665,24.4,22.8,3,0,3,Friday,0,1,Winter,1,27.450000000000003,-27.450000000000003,1,19412.20833333333,20958,17267,1320.0029966753418,22532.041666666668,18,3691,1,-658.0,Down
2026-01-17,1.2333333333333334,-6.133333333333333,-2.4499999999999997,7.366666666666667,2.5999999999999996,0.8666666666666666,25.8,23.7,3,0,3,Saturday,1,1,Winter,1,20.45,-20.45,1,17735.333333333332,19428,16016,1104.6510236531583,20567.416666666668,18,3412,0,-1530.0,Down
2026-01-18,-7.233333333333333,-11.333333333333334,-9.283333333333333,4.1000000000000005,1.6,0.5333333333333333,21.8,20.733333333333334,1,0,3,Sunday,1,1,Winter,1,27.28333333333333,-27.28333333333333,1,18048.041666666668,20519,15842,1463.245751274607,21172.75,18,4677,1,1091.0,Up
2026-01-19,-6.466666666666666,-9.9,-8.183333333333332,3.4333333333333336,3.8,1.2666666666666666,30.0,28.8,3,0,3,Monday,0,1,Winter,1,26.18333333333333,-26.18333333333333,1,19164.416666666668,21400,16583,1548.9856966433852,22104.95833333333,18,4817,1,881.0,Up
2026-01-20,-10.066666666666668,-14.666666666666666,-12.366666666666667,4.6,0.7,0.2333333333333333,30.0,27.266666666666666,3,0,3,Tuesday,0,1,Winter,1,30.366666666666667,-30.366666666666667,1,19572.70833333333,21517,17384,1324.1061785602585,23023.166666666668,19,4133,1,117.0,Up
2026-01-21,-1.7666666666666666,-12.566666666666668,-7.166666666666667,10.799999999999999,9.9,3.3000000000000003,22.8,21.833333333333332,3,0,3,Wednesday,0,1,Winter,1,25.166666666666668,-25.166666666666668,1,19413.125,21128,17248,1348.4408165987734,22601.916666666668,18,3880,1,-389.0,Down
2026-01-22,-2.0333333333333337,-10.799999999999999,-6.416666666666667,8.766666666666666,1.5,0.5,27.2,26.0,2,0,3,Thursday,0,1,Winter,1,24.416666666666668,-24.416666666666668,1,18722.125,20869,16222,1515.1057162857462,21475.666666666668,19,4647,1,-259.0,Down
2026-01-23,-9.9,-18.933333333333334,-14.416666666666666,9.033333333333333,4.7,1.5666666666666667,27.9,27.333333333333332,3,0,3,Friday,0,1,Winter,1,32.416666666666664,-32.416666666666664,1,19720.58333333333,22042,17098,1594.0582858981616,22741.916666666668,19,4944,1,1173.0,Up
2026-01-24,-14.466666666666667,-25.833333333333332,-20.150000000000002,11.366666666666667,0.3,0.09999999999999999,11.0,10.433333333333334,1,0,3,Saturday,1,1,Winter,1,38.150000000000006,-38.150000000000006,1,19637.875,21477,18147,1016.3386679859606,22118.5,18,3330,1,-565.0,Down
2026-01-25,-10.366666666666665,-16.533333333333335,-13.450000000000001,6.166666666666667,37.7,12.566666666666668,31.1,30.066666666666666,3,0,3,Sunday,1,1,Winter,1,31.450000000000003,-31.450000000000003,1,19525.70833333333,21751,17411,1529.768566729498,22696.5,19,4340,1,274.0,Up
2026-01-26,-10.966666666666667,-16.466666666666665,-13.716666666666667,5.5,3.7,1.2333333333333334,22.9,21.3,3,0,3,Monday,0,1,Winter,1,31.71666666666667,-31.71666666666667,1,19662.166666666668,21607,17349,1362.9403848861564,22174.625,19,4258,1,-144.0,Down
2026-01-27,-10.5,-15.4,-12.949999999999998,4.8999999999999995,4.1,1.3666666666666665,25.0,24.5,3,0,3,Tuesday,0,1,Winter,1,30.949999999999996,-30.949999999999996,1,19596.791666666668,21456,17035,1468.8428447373904,22804.916666666668,19,4421,1,-151.0,Down
2026-01-28,-9.733333333333334,-13.299999999999999,-11.516666666666666,3.5666666666666664,2.6,0.8666666666666667,22.6,20.8,2,0,3,Wednesday,0,1,Winter,1,29.516666666666666,-29.516666666666666,1,19536.08333333333,21391,17270,1324.816965755505,22609.70833333333,19,4121,1,-65.0,Down
2026-01-29,-12.1,-19.46666666666667,-15.783333333333333,7.366666666666667,0.3,0.09999999999999999,22.5,19.633333333333336,1,0,3,Thursday,0,1,Winter,1,33.78333333333333,-33.78333333333333,1,19700.166666666668,21876,17138,1495.5634002134354,22185.75,19,4738,1,485.0,Up
2026-01-30,-12.133333333333333,-23.433333333333334,-17.78333333333333,11.299999999999999,2.1,0.7000000000000001,15.9,14.6,2,0,3,Friday,0,1,Winter,1,35.78333333333333,-35.78333333333333,1,19942.58333333333,21737,17725,1221.8996940497368,21974.041666666668,19,4012,1,-139.0,Down
2026-01-31,-11.466666666666667,-18.833333333333332,-15.15,7.366666666666667,0.0,0.0,17.5,15.966666666666667,0,0,3,Saturday,1,1,Winter,1,33.15,-33.15,0,18902.5,20609,17386,923.9723786573576,21333.95833333333,19,3223,1,-1128.0,Down
2026-02-01,-8.433333333333334,-19.133333333333333,-13.783333333333331,10.699999999999998,0.0,0.0,19.8,17.566666666666666,0,0,3,Sunday,1,2,Winter,1,31.78333333333333,-31.78333333333333,0,18449.916666666668,20552,17111,1003.4759985720387,21318.166666666668,19,3441,1,-57.0,Down
2026-02-02,-6.6000000000000005,-18.033333333333335,-12.316666666666668,11.433333333333335,0.4,0.13333333333333333,19.1,15.333333333333334,2,0,3,Monday,0,2,Winter,1,30.31666666666667,-30.31666666666667,1,19178.666666666668,21220,17008,1334.393288830306,21523.58333333333,19,4212,1,668.0,Up
2026-02-03,-4.033333333333334,-9.5,-6.766666666666667,5.466666666666666,5.2,1.7333333333333334,21.6,20.26666666666667,3,0,3,Tuesday,0,2,Winter,1,24.766666666666666,-24.766666666666666,1,19323.916666666668,21158,17008,1336.4259577618614,21397.58333333333,19,4150,1,-62.0,Down
2026-02-04,-7.733333333333333,-14.799999999999999,-11.266666666666666,7.0666666666666655,0.1,0.03333333333333333,18.0,16.066666666666666,1,0,3,Wednesday,0,2,Winter,1,29.266666666666666,-29.266666666666666,1,19077.625,20659,17319,1125.0517983244351,20604.95833333333,19,3340,1,-499.0,Down
2026-02-05,-5.8999999999999995,-14.700000000000001,-10.299999999999999,8.8,0.1,0.03333333333333333,15.8,14.200000000000001,1,0,3,Thursday,0,2,Winter,1,28.299999999999997,-28.299999999999997,1,19108.20833333333,20702,16997,1184.5212197033609,21433.20833333333,19,3705,1,43.0,Up
2026-02-06,-3.4333333333333336,-12.733333333333334,-8.083333333333334,9.299999999999999,11.1,3.6999999999999997,40.1,35.800000000000004,3,0,3,Friday,0,2,Winter,1,26.083333333333336,-26.083333333333336,1,19137.70833333333,20290,17148,1100.4550236415698,21995.45833333333,10,3142,0,-412.0,Down
2026-02-07,-15.0,-21.766666666666666,-18.38333333333333,6.766666666666666,0.4,0.13333333333333333,40.2,36.0,1,0,3,Saturday,1,2,Winter,1,36.383333333333326,-36.383333333333326,1,19169.20833333333,21353,17343,1179.124582390304,21970.45833333333,19,4010,1,1063.0,Up
2026-02-08,-16.166666666666668,-24.03333333333333,-20.1,7.866666666666667,0.0,0.0,19.7,16.2,0,0,3,Sunday,1,2,Winter,1,38.1,-38.1,0,19231.791666666668,21522,17739,1074.1479526933704,20982.75,19,3783,1,169.0,Up
2026-02-09,-8.333333333333334,-23.599999999999998,-15.966666666666667,15.266666666666667,0.1,0.03333333333333333,15.3,11.266666666666666,1,0,3,Monday,0,2,Winter,1,33.96666666666667,-33.96666666666667,1,19814.08333333333,21601,17742,1250.2113531464315,21683.70833333333,19,3859,1,79.0,Up
2026-02-10,-0.3333333333333333,-7.766666666666667,-4.05,7.433333333333334,6.2,2.066666666666667,20.2,18.233333333333334,3,0,3,Tuesday,0,2,Winter,1,22.05,-22.05,1,18933.70833333333,20549,16994,1176.0002025719534,21447.416666666668,19,3555,1,-1052.0,Down
2026-02-11,0.16666666666666666,-4.3,-2.066666666666667,4.466666666666667,5.3999999999999995,1.7999999999999998,28.9,26.3,3,0,3,Wednesday,0,2,Winter,1,20.066666666666666,-20.066666666666666,1,18597.541666666668,20355,15921,1504.6812165391696,21122.125,19,4434,1,-194.0,Down
2026-02-12,-4.733333333333333,-10.566666666666668,-7.6499999999999995,5.833333333333333,0.5,0.16666666666666666,19.0,17.533333333333335,1,0,3,Thursday,0,2,Winter,1,25.65,-25.65,1,18573.45833333333,20485,16483,1269.735062374504,20671.375,19,4002,1,130.0,Up
2026-02-13,-2.1666666666666665,-16.099999999999998,-9.133333333333333,13.933333333333332,5.2,1.7333333333333334,14.1,14.0,3,0,3,Friday,0,2,Winter,1,27.133333333333333,-27.133333333333333,1,18269.33333333333,19792,16985,952.3566497934464,20895.041666666668,8,2807,0,-693.0,Down
2026-02-14,1.0999999999999999,-4.833333333333333,-1.8666666666666665,5.933333333333334,0.0,0.0,14.3,13.833333333333334,0,0,3,Saturday,1,2,Winter,1,19.866666666666667,-19.866666666666667,0,17112.458333333332,18898,15654,933.4470935458942,19852.5,19,3244,0,-894.0,Down
2026-02-15,-1.2333333333333334,-6.266666666666667,-3.75,5.033333333333333,0.2,0.06666666666666667,18.2,15.833333333333334,1,0,3,Sunday,1,2,Winter,1,21.75,-21.75,1,16522.666666666668,18735,15105,1054.9369512034796,19373.45833333333,19,3630,0,-163.0,Down
2026-02-16,1.4000000000000001,-7.666666666666667,-3.1333333333333333,9.066666666666668,1.2,0.39999999999999997,14.6,11.5,3,0,3,Monday,0,2,Winter,1,21.133333333333333,-21.133333333333333,1,16741.708333333332,18668,15246,965.8810566419196,19862.83333333333,19,3422,0,-67.0,Down
2026-02-17,3.6666666666666665,-2.1333333333333333,0.7666666666666666,5.8,0.2,0.06666666666666667,12.9,12.233333333333334,1,0,3,Tuesday,0,2,Winter,1,17.233333333333334,-17.233333333333334,1,17026.208333333332,18789,14929,1305.336937318306,19798.375,20,3860,0,121.0,Up
2026-02-18,-0.3666666666666667,-3.5,-1.9333333333333336,3.1333333333333333,48.0,16.0,30.4,25.7,3,0,3,Wednesday,0,2,Winter,1,19.933333333333334,-19.933333333333334,1,18261.166666666668,20223,15118,1854.1535199012835,21173.416666666668,18,5105,0,1434.0,Up
2026-02-19,0.9,-3.8666666666666667,-1.4833333333333334,4.766666666666667,0.1,0.03333333333333333,24.2,22.0,1,0,3,Thursday,0,2,Winter,1,19.483333333333334,-19.483333333333334,1,17885.583333333332,19577,15944,1100.0348578139722,20582.33333333333,19,3633,0,-646.0,Down
2026-02-20,1.8666666666666665,0.10000000000000002,0.9833333333333334,1.7666666666666668,25.4,8.466666666666667,32.4,30.733333333333334,3,0,1,Friday,0,2,Winter,0,17.016666666666666,-17.016666666666666,1,17914.416666666668,19581,15562,1466.834625593688,20928.375,18,4019,0,4.0,Up
2026-02-21,1.0666666666666667,-1.1333333333333333,-0.033333333333333326,2.1999999999999997,10.8,3.6,17.8,15.566666666666668,3,0,2,Saturday,1,2,Winter,1,18.033333333333335,-18.033333333333335,1,17213.625,18987,15302,1229.6692666870972,19684.291666666668,18,3685,0,-594.0,Down
2026-02-22,-0.7333333333333334,-3.5666666666666664,-2.15,2.8333333333333335,11.3,3.766666666666667,17.1,15.466666666666667,3,0,3,Sunday,1,2,Winter,1,20.15,-20.15,1,17262.666666666668,19202,15521,1121.116705194721,19603.625,19,3681,0,215.0,Up
2026-02-23,-1.5333333333333332,-11.866666666666667,-6.7,10.333333333333334,0.8,0.26666666666666666,31.7,29.099999999999998,2,0,3,Monday,0,2,Winter,1,24.7,-24.7,1,18098.791666666668,20421,15608,1526.5252950571364,21412.08333333333,20,4813,1,1219.0,Up
2026-02-24,-4.3999999999999995,-18.233333333333334,-11.316666666666668,13.833333333333334,0.9,0.3,30.7,26.633333333333336,2,0,3,Tuesday,0,2,Winter,1,29.31666666666667,-29.31666666666667,1,18802.041666666668,20825,17018,1194.4794929415784,21500.166666666668,19,3807,1,404.0,Up
2026-02-25,0.7000000000000001,-5.1000000000000005,-2.2,5.8,16.3,5.433333333333334,26.9,24.566666666666666,3,0,3,Wednesday,0,2,Winter,1,20.2,-20.2,1,18493.70833333333,20183,16646,1116.3099725032223,21618.041666666668,19,3537,0,-642.0,Down
2026-02-26,-4.3,-10.4,-7.349999999999999,6.1000000000000005,1.6,0.5333333333333333,21.0,18.033333333333335,2,0,3,Thursday,0,2,Winter,1,25.349999999999998,-25.349999999999998,1,18361.58333333333,20145,16450,1156.9403019684462,20354.416666666668,20,3695,0,-38.0,Down
2026-02-27,3.1,-9.166666666666666,-3.033333333333333,12.266666666666666,0.3,0.09999999999999999,29.7,21.099999999999998,1,0,3,Friday,0,2,Winter,1,21.03333333333333,-21.03333333333333,1,17501.041666666668,19143,16037,956.2275279163052,20117.70833333333,9,3106,0,-1002.0,Down
2026-02-28,4.533333333333334,-6.8,-1.133333333333333,11.333333333333334,12.7,4.233333333333333,31.7,30.400000000000002,3,0,3,Saturday,1,2,Winter,1,19.133333333333333,-19.133333333333333,1,16296.083333333334,18814,14525,1296.5882627836825,18844.58333333333,19,4289,0,-329.0,Down
2026-03-01,-7.166666666666667,-15.366666666666667,-11.266666666666666,8.200000000000001,1.5,0.5,17.7,16.933333333333334,3,0,3,Sunday,1,3,Spring,1,29.266666666666666,-29.266666666666666,1,17428.625,20237,15651,1418.5247024714577,19804.95833333333,20,4586,0,1423.0,Up
2026-03-02,-6.133333333333333,-21.366666666666664,-13.75,15.233333333333334,0.0,0.0,14.5,10.700000000000001,0,0,3,Monday,0,3,Spring,1,31.75,-31.75,0,18431.58333333333,20395,17087,1132.1474752862812,21000.25,19,3308,1,158.0,Up
2026-03-03,0.13333333333333333,-10.299999999999999,-5.083333333333333,10.433333333333334,0.0,0.0,11.5,10.066666666666668,0,0,3,Tuesday,0,3,Spring,1,23.083333333333332,-23.083333333333332,0,18284.166666666668,19937,16601,1054.7738956830958,20562.166666666668,19,3336,0,-458.0,Down
2026-03-04,3.466666666666667,-6.7,-1.6166666666666665,10.166666666666666,0.0,0.0,13.3,11.733333333333334,0,0,3,Wednesday,0,3,Spring,1,19.616666666666667,-19.616666666666667,0,17308.166666666668,18821,15834,945.6404623629272,19406.0,19,2987,0,-1116.0,Down
2026-03-05,3.033333333333333,-3.4333333333333336,-0.2000000000000001,6.466666666666666,5.7,1.9000000000000001,22.6,20.066666666666666,2,0,3,Thursday,0,3,Spring,1,18.2,-18.2,1,17376.416666666668,19563,15178,1402.932268242257,20402.166666666668,19,4385,0,742.0,Up
2026-03-06,2.433333333333333,-1.4333333333333333,0.5,3.8666666666666667,8.4,2.8000000000000003,21.9,19.466666666666665,3,0,3,Friday,0,3,Spring,1,17.5,-17.5,1,17674.5,19177,15843,1121.9757805647637,20552.125,18,3334,0,-386.0,Down
2026-03-07,12.866666666666667,2.1333333333333333,7.5,10.733333333333334,51.0,17.0,29.1,25.666666666666668,3,0,0,Saturday,1,3,Spring,0,10.5,-10.5,1,15753.416666666666,16964,14408,835.2361247323831,18692.83333333333,18,2556,0,-2213.0,Down
2026-03-08,9.733333333333333,0.8333333333333334,5.283333333333334,8.9,0.2,0.06666666666666667,24.6,22.900000000000002,1,0,1,Sunday,1,3,Spring,0,12.716666666666665,-12.716666666666665,1,14908.833333333334,16817,13680,914.3420854775098,17593.0,20,3137,0,-147.0,Down
2026-03-09,14.033333333333333,4.1000000000000005,9.066666666666666,9.933333333333334,0.0,0.0,25.5,24.400000000000002,0,0,0,Monday,0,3,Spring,0,8.933333333333334,-8.933333333333334,0,15418.833333333334,17291,13478,1191.1019985771547,18400.666666666668,8,3813,0,474.0,Up
2026-03-10,13.766666666666667,3.9666666666666663,8.866666666666667,9.800000000000002,4.699999999999999,1.5666666666666664,19.5,18.566666666666666,3,0,0,Tuesday,0,3,Spring,0,9.133333333333333,-9.133333333333333,1,15800.208333333334,17539,13458,1297.2087083314757,18052.45833333333,19,4081,0,248.0,Up
2026-03-11,6.400000000000001,1.0,3.7000000000000006,5.3999999999999995,40.7,13.566666666666668,30.1,28.433333333333334,3,0,1,Wednesday,0,3,Spring,0,14.299999999999999,-14.299999999999999,1,17150.666666666668,18790,13893,1649.7491948163213,19368.125,11,4897,0,1251.0,Up
2026-03-12,0.43333333333333335,-3.9666666666666663,-1.7666666666666666,4.3999999999999995,0.2,0.06666666666666667,32.8,30.5,1,0,3,Thursday,0,3,Spring,1,19.766666666666666,-19.766666666666666,1,17370.416666666668,19370,14988,1283.7110577190435,19473.625,19,4382,0,580.0,Up
2026-03-13,1.3,-5.766666666666666,-2.233333333333333,7.066666666666666,17.5,5.833333333333333,32.2,30.46666666666667,3,0,3,Friday,0,3,Spring,1,20.233333333333334,-20.233333333333334,1,17788.875,19268,15551,1291.3423858948863,20397.625,17,3717,0,-102.0,Down
2026-03-14,0.7000000000000001,-7.433333333333333,-3.3666666666666667,8.133333333333333,5.2,1.7333333333333334,36.0,32.93333333333333,3,0,3,Saturday,1,3,Spring,1,21.366666666666667,-21.366666666666667,1,16554.125,17994,15058,881.8324455113468,18956.08333333333,20,2936,0,-1274.0,Down
2026-03-15,7.066666666666667,-7.3999999999999995,-0.16666666666666638,14.466666666666667,8.8,2.9333333333333336,35.0,34.199999999999996,3,0,3,Sunday,1,3,Spring,1,18.166666666666668,-18.166666666666668,1,16451.666666666668,17909,14763,1096.9188732503214,19327.666666666668,17,3146,0,-85.0,Down
2026-03-16,11.299999999999999,-3.0666666666666664,4.116666666666666,14.366666666666667,19.8,6.6000000000000005,31.9,30.233333333333334,3,0,3,Monday,0,3,Spring,1,13.883333333333333,-13.883333333333333,1,16790.833333333332,18713,13929,1503.0012197821616,20225.75,17,4784,0,804.0,Up
2026-03-17,-4.3999999999999995,-11.533333333333333,-7.966666666666666,7.133333333333333,3.2,1.0666666666666667,35.4,32.93333333333333,3,0,3,Tuesday,0,3,Spring,1,25.966666666666665,-25.966666666666665,1,18087.5,20193,15693,1415.3059586258169,21179.916666666668,19,4500,0,1480.0,Up
2026-03-18,-1.7666666666666666,-10.933333333333332,-6.349999999999999,9.166666666666666,2.0,0.6666666666666666,21.4,19.766666666666666,3,0,3,Wednesday,0,3,Spring,1,24.349999999999998,-24.349999999999998,1,18287.08333333333,19752,16600,1051.8428100726126,21366.58333333333,19,3152,0,-441.0,Down
2026-03-19,6.933333333333334,-2.4,2.266666666666667,9.333333333333334,0.7,0.2333333333333333,22.8,20.666666666666668,3,0,3,Thursday,0,3,Spring,1,15.733333333333333,-15.733333333333333,1,17385.125,18949,15715,968.2264967005608,20242.20833333333,8,3234,0,-803.0,Down
2026-03-20,5.566666666666666,-2.8666666666666667,1.3500000000000003,8.433333333333334,19.6,6.533333333333334,16.9,16.633333333333333,3,0,3,Friday,0,3,Spring,1,16.65,-16.65,1,17424.833333333332,19747,14845,1552.8771520230969,20082.125,10,4902,0,798.0,Up
2026-03-21,4.233333333333333,-1.2,1.5166666666666666,5.433333333333334,1.4,0.4666666666666666,19.6,18.400000000000002,3,0,3,Saturday,1,3,Spring,1,16.483333333333334,-16.483333333333334,1,16167.916666666666,17442,14758,928.0709266686132,18738.125,17,2684,0,-2305.0,Down
2026-03-22,6.566666666666666,0.06666666666666665,3.3166666666666664,6.5,7.6,2.533333333333333,17.1,16.46666666666667,3,0,2,Sunday,1,3,Spring,0,14.683333333333334,-14.683333333333334,1,16108.875,17610,14164,1285.8822149217926,19028.0,17,3446,0,168.0,Up
2026-03-23,2.033333333333333,-3.5,-0.7333333333333334,5.533333333333334,2.4,0.7999999999999999,23.3,22.400000000000002,3,0,3,Monday,0,3,Spring,1,18.733333333333334,-18.733333333333334,1,17207.375,19094,14477,1449.0764618857438,20408.125,20,4617,0,1484.0,Up
2026-03-24,3.9333333333333336,-6.066666666666666,-1.0666666666666667,10.0,0.1,0.03333333333333333,22.4,19.433333333333334,1,0,3,Tuesday,0,3,Spring,1,19.066666666666666,-19.066666666666666,1,17121.583333333332,18799,15674,993.1936155508728,20025.541666666668,7,3125,0,-295.0,Down
2026-03-25,4.9,-2.533333333333333,1.1833333333333336,7.4333333333333345,0.8,0.26666666666666666,21.0,15.833333333333334,2,0,3,Wednesday,0,3,Spring,1,16.816666666666666,-16.816666666666666,1,16719.791666666668,18600,14970,1266.4543789022086,19638.58333333333,17,3630,0,-199.0,Down
2026-03-26,8.866666666666665,0.5333333333333334,4.699999999999999,8.333333333333334,18.4,6.133333333333333,21.3,21.0,3,0,1,Thursday,0,3,Spring,0,13.3,-13.3,1,16786.458333333332,18000,14268,1332.8524162133606,19520.75,20,3732,0,-600.0,Down
2026-03-27,-0.1333333333333333,-9.1,-4.616666666666666,8.966666666666667,0.0,0.0,27.6,24.7,0,0,3,Friday,0,3,Spring,1,22.616666666666667,-22.616666666666667,0,16666.333333333332,18831,14869,1198.7590201561763,19810.70833333333,7,3962,0,831.0,Up
2026-03-28,0.1666666666666667,-6.266666666666666,-3.0499999999999994,6.433333333333333,0.9,0.3,24.0,22.8,2,0,3,Saturday,1,3,Spring,1,21.05,-21.05,1,16248.291666666666,17598,14989,711.6957385536059,19153.041666666668,20,2609,0,-1233.0,Down
2026-03-29,9.166666666666666,-1.9333333333333333,3.6166666666666667,11.1,0.1,0.03333333333333333,17.0,15.5,1,0,3,Sunday,1,3,Spring,1,14.383333333333333,-14.383333333333333,1,15308.583333333334,16802,14052,790.667737431149,18477.83333333333,20,2750,0,-796.0,Down
2026-03-30,17.46666666666667,2.1999999999999997,9.833333333333334,15.266666666666667,0.9,0.3,17.6,16.3,1,0,0,Monday,0,3,Spring,0,8.166666666666666,-8.166666666666666,1,15437.041666666666,16853,13502,1079.4819401258972,18285.58333333333,8,3351,0,51.0,Up
2026-03-31,14.733333333333334,5.333333333333333,10.033333333333333,9.4,41.9,13.966666666666667,24.8,21.033333333333335,3,0,0,Tuesday,0,3,Spring,0,7.966666666666667,-7.966666666666667,1,16058.916666666666,17934,12868,1696.5250140178912,18764.0,17,5066,0,1081.0,Up
