date,avg_temp_max_celsius,avg_temp_min_celsius,avg_temp_mean_celsius,avg_temp_range_celsius,total_precipitation_mm,avg_precipitation_mm,max_wind_speed_kmh,avg_wind_speed_kmh,rainy_city_count,hot_city_count,cold_city_count,day_of_week,is_weekend,month,season,temp_extreme_flag,temp_deviation_from_18,comfort_gap_celsius,wet_day_flag
2025-04-01,2.1333333333333333,-3.8333333333333335,-0.8500000000000001,5.966666666666666,0.0,0.0,19.2,18.0,0,0,3,Tuesday,0,4,Spring,1,18.85,-18.85,0
2025-04-02,2.733333333333333,-2.733333333333334,0.0,5.466666666666668,30.2,10.066666666666666,34.1,32.800000000000004,3,0,3,Wednesday,0,4,Spring,1,18.0,-18.0,1
2025-04-03,18.366666666666664,2.966666666666667,10.666666666666666,15.399999999999999,36.2,12.066666666666668,32.0,30.233333333333334,3,0,0,Thursday,0,4,Spring,0,7.333333333333334,-7.333333333333334,1
2025-04-04,9.566666666666668,-0.4333333333333333,4.566666666666667,10.0,0.0,0.0,19.9,14.899999999999999,0,0,2,Friday,0,4,Spring,1,13.433333333333334,-13.433333333333334,0
2025-04-05,10.700000000000001,3.3333333333333335,7.016666666666667,7.366666666666667,19.7,6.566666666666666,24.6,23.46666666666667,3,0,0,Saturday,1,4,Spring,0,10.983333333333334,-10.983333333333334,1
2025-04-06,4.7,-0.46666666666666673,2.1166666666666667,5.166666666666667,0.0,0.0,26.1,23.066666666666666,0,0,2,Sunday,1,4,Spring,1,15.883333333333333,-15.883333333333333,0
2025-04-07,6.2,-3.3666666666666667,1.4166666666666667,9.566666666666666,2.6,0.8666666666666667,40.9,34.63333333333333,3,0,3,Monday,0,4,Spring,1,16.583333333333332,-16.583333333333332,1
2025-04-08,-3.0666666666666664,-7.1000000000000005,-5.083333333333333,4.033333333333334,3.1,1.0333333333333334,39.7,36.46666666666667,2,0,3,Tuesday,0,4,Spring,1,23.083333333333332,-23.083333333333332,1
2025-04-09,3.5666666666666664,-6.066666666666666,-1.2500000000000002,9.633333333333333,0.0,0.0,17.0,15.799999999999999,0,0,3,Wednesday,0,4,Spring,1,19.25,-19.25,0
2025-04-10,3.6666666666666665,-2.3333333333333335,0.6666666666666666,6.0,7.4,2.466666666666667,23.8,19.733333333333334,3,0,3,Thursday,0,4,Spring,1,17.333333333333332,-17.333333333333332,1
2025-04-11,5.0,0.6333333333333334,2.8166666666666664,4.366666666666666,3.1,1.0333333333333334,17.3,15.133333333333335,3,0,1,Friday,0,4,Spring,0,15.183333333333334,-15.183333333333334,1
2025-04-12,9.666666666666666,-0.06666666666666665,4.8,9.733333333333333,0.6,0.19999999999999998,13.4,11.466666666666667,1,0,1,Saturday,1,4,Spring,1,13.2,-13.2,1
2025-04-13,13.466666666666667,0.19999999999999996,6.833333333333333,13.266666666666666,0.0,0.0,13.2,12.6,0,0,1,Sunday,1,4,Spring,0,11.166666666666668,-11.166666666666668,0
2025-04-14,14.766666666666666,3.766666666666667,9.266666666666666,11.0,0.9,0.3,23.5,18.933333333333334,2,0,0,Monday,0,4,Spring,0,8.733333333333334,-8.733333333333334,1
2025-04-15,9.0,1.4666666666666668,5.233333333333333,7.533333333333332,5.6,1.8666666666666665,31.0,29.733333333333334,3,0,0,Tuesday,0,4,Spring,0,12.766666666666666,-12.766666666666666,1
2025-04-16,4.433333333333334,-0.1333333333333334,2.15,4.566666666666666,1.1,0.3666666666666667,35.7,32.53333333333334,1,0,1,Wednesday,0,4,Spring,1,15.85,-15.85,1
2025-04-17,10.433333333333334,-1.1333333333333333,4.65,11.566666666666668,0.0,0.0,15.6,14.233333333333334,0,0,3,Thursday,0,4,Spring,1,13.35,-13.35,0
2025-04-18,17.900000000000002,3.0666666666666664,10.483333333333333,14.833333333333334,14.9,4.966666666666667,20.8,19.599999999999998,3,0,0,Friday,0,4,Spring,0,7.5166666666666675,-7.5166666666666675,1
2025-04-19,19.400000000000002,5.266666666666667,12.333333333333334,14.133333333333333,37.5,12.5,27.5,24.2,3,0,0,Saturday,1,4,Spring,0,5.666666666666666,-5.666666666666666,1
2025-04-20,9.966666666666667,0.4666666666666666,5.216666666666667,9.5,0.0,0.0,22.7,20.133333333333333,0,0,1,Sunday,1,4,Spring,0,12.783333333333333,-12.783333333333333,0
2025-04-21,14.5,4.2,9.35,10.299999999999999,12.600000000000001,4.2,25.9,25.366666666666664,3,0,0,Monday,0,4,Spring,0,8.65,-8.65,1
2025-04-22,11.766666666666666,4.766666666666667,8.266666666666666,7.0,0.0,0.0,29.0,26.433333333333334,0,0,0,Tuesday,0,4,Spring,0,9.733333333333334,-9.733333333333334,0
2025-04-23,14.200000000000001,1.7333333333333334,7.966666666666668,12.466666666666667,0.0,0.0,11.2,10.033333333333333,0,0,0,Wednesday,0,4,Spring,0,10.033333333333331,-10.033333333333331,0
2025-04-24,20.7,6.3,13.5,14.4,4.2,1.4000000000000001,14.3,13.1,2,0,0,Thursday,0,4,Spring,0,4.5,-4.5,1
2025-04-25,15.4,9.299999999999999,12.35,6.099999999999999,0.1,0.03333333333333333,18.2,17.166666666666668,1,0,0,Friday,0,4,Spring,0,5.65,-5.65,1
2025-04-26,11.866666666666665,4.6000000000000005,8.233333333333333,7.266666666666666,11.5,3.8333333333333335,35.1,33.53333333333333,3,0,0,Saturday,1,4,Spring,0,9.766666666666667,-9.766666666666667,1
2025-04-27,14.966666666666667,4.1000000000000005,9.533333333333333,10.866666666666667,0.1,0.03333333333333333,28.6,24.2,1,0,0,Sunday,1,4,Spring,0,8.466666666666667,-8.466666666666667,1
2025-04-28,17.833333333333332,3.6999999999999997,10.766666666666666,14.133333333333333,0.0,0.0,19.8,15.366666666666667,0,0,0,Monday,0,4,Spring,0,7.233333333333334,-7.233333333333334,0
2025-04-29,24.3,5.666666666666667,14.983333333333334,18.633333333333333,5.0,1.6666666666666667,37.3,33.43333333333333,3,1,0,Tuesday,0,4,Spring,0,3.0166666666666657,-3.0166666666666657,1
2025-04-30,9.9,0.4000000000000001,5.1499999999999995,9.5,0.0,0.0,35.9,29.833333333333332,0,0,1,Wednesday,0,4,Spring,0,12.850000000000001,-12.850000000000001,0
2025-05-01,10.166666666666666,3.766666666666667,6.966666666666666,6.3999999999999995,24.7,8.233333333333333,23.3,21.366666666666664,3,0,0,Thursday,0,5,Spring,0,11.033333333333335,-11.033333333333335,1
2025-05-02,17.3,6.566666666666666,11.933333333333332,10.733333333333334,3.9000000000000004,1.3,24.2,23.099999999999998,2,0,0,Friday,0,5,Spring,0,6.066666666666668,-6.066666666666668,1
2025-05-03,11.633333333333333,5.466666666666666,8.549999999999999,6.166666666666667,2.0,0.6666666666666666,16.7,14.933333333333332,2,0,0,Saturday,1,5,Spring,0,9.450000000000001,-9.450000000000001,1
2025-05-04,16.066666666666666,5.133333333333334,10.6,10.933333333333332,1.5,0.5,16.3,16.0,1,0,0,Sunday,1,5,Spring,0,7.4,-7.4,1
2025-05-05,17.266666666666666,9.799999999999999,13.533333333333331,7.466666666666666,38.5,12.833333333333334,24.3,23.233333333333334,3,0,0,Monday,0,5,Spring,0,4.466666666666669,-4.466666666666669,1
2025-05-06,18.400000000000002,10.1,14.25,8.299999999999999,8.7,2.9,23.8,21.7,3,0,0,Tuesday,0,5,Spring,0,3.75,-3.75,1
2025-05-07,18.599999999999998,9.133333333333333,13.866666666666667,9.466666666666667,0.8,0.26666666666666666,22.5,21.433333333333334,2,0,0,Wednesday,0,5,Spring,0,4.133333333333333,-4.133333333333333,1
2025-05-08,11.166666666666666,5.2,8.183333333333334,5.966666666666668,0.2,0.06666666666666667,19.5,17.8,2,0,0,Thursday,0,5,Spring,0,9.816666666666666,-9.816666666666666,1
2025-05-09,14.1,3.966666666666667,9.033333333333333,10.133333333333333,0.0,0.0,18.4,15.399999999999999,0,0,0,Friday,0,5,Spring,0,8.966666666666667,-8.966666666666667,0
2025-05-10,19.733333333333334,5.533333333333334,12.633333333333333,14.199999999999998,0.0,0.0,22.6,21.033333333333335,0,0,0,Saturday,1,5,Spring,0,5.366666666666667,-5.366666666666667,0
2025-05-11,13.6,3.9,8.75,9.700000000000001,0.0,0.0,20.6,18.5,0,0,0,Sunday,1,5,Spring,0,9.25,-9.25,0
2025-05-12,23.7,5.933333333333334,14.816666666666668,17.766666666666666,0.0,0.0,12.1,10.799999999999999,0,1,0,Monday,0,5,Spring,0,3.183333333333332,-3.183333333333332,0
2025-05-13,22.900000000000002,11.700000000000001,17.3,11.200000000000001,7.9,2.6333333333333333,25.2,20.133333333333333,3,1,0,Tuesday,0,5,Spring,0,0.6999999999999993,-0.6999999999999993,1
2025-05-14,19.166666666666668,12.799999999999999,15.983333333333334,6.366666666666667,4.0,1.3333333333333333,25.0,22.03333333333333,3,0,0,Wednesday,0,5,Spring,0,2.0166666666666657,-2.0166666666666657,1
2025-05-15,22.366666666666664,12.4,17.383333333333333,9.966666666666667,1.0,0.3333333333333333,14.8,13.0,1,1,0,Thursday,0,5,Spring,0,0.6166666666666671,-0.6166666666666671,1
2025-05-16,27.2,12.766666666666666,19.983333333333334,14.433333333333335,9.799999999999999,3.266666666666666,19.2,15.4,3,3,0,Friday,0,5,Spring,1,1.9833333333333343,1.9833333333333343,1
2025-05-17,19.566666666666666,12.433333333333332,16.0,7.133333333333334,47.8,15.933333333333332,25.2,23.5,3,0,0,Saturday,1,5,Spring,0,2.0,-2.0,1
2025-05-18,14.033333333333333,8.966666666666667,11.5,5.066666666666666,0.9,0.3,30.3,26.46666666666667,1,0,0,Sunday,1,5,Spring,0,6.5,-6.5,1
2025-05-19,13.166666666666666,6.0,9.583333333333332,7.166666666666667,0.8,0.26666666666666666,21.3,19.366666666666667,2,0,0,Monday,0,5,Spring,0,8.416666666666668,-8.416666666666668,1
2025-05-20,14.4,3.6999999999999997,9.049999999999999,10.700000000000001,0.0,0.0,16.7,15.566666666666668,0,0,0,Tuesday,0,5,Spring,0,8.950000000000001,-8.950000000000001,0
2025-05-21,12.1,7.766666666666667,9.933333333333334,4.333333333333333,41.0,13.666666666666666,32.8,29.933333333333334,3,0,0,Wednesday,0,5,Spring,0,8.066666666666666,-8.066666666666666,1
2025-05-22,10.233333333333333,7.5,8.866666666666667,2.733333333333333,102.3,34.1,31.5,28.433333333333334,3,0,0,Thursday,0,5,Spring,0,9.133333333333333,-9.133333333333333,1
2025-05-23,10.200000000000001,7.333333333333333,8.766666666666666,2.8666666666666667,15.700000000000001,5.233333333333333,21.5,21.166666666666668,3,0,0,Friday,0,5,Spring,0,9.233333333333334,-9.233333333333334,1
2025-05-24,12.9,7.466666666666666,10.183333333333334,5.433333333333333,3.7,1.2333333333333334,25.1,23.566666666666666,3,0,0,Saturday,1,5,Spring,0,7.816666666666666,-7.816666666666666,1
2025-05-25,14.9,6.7,10.799999999999999,8.200000000000001,9.7,3.233333333333333,21.2,17.966666666666665,3,0,0,Sunday,1,5,Spring,0,7.200000000000001,-7.200000000000001,1
2025-05-26,19.333333333333332,8.0,13.666666666666666,11.333333333333334,0.30000000000000004,0.10000000000000002,18.4,15.066666666666668,2,0,0,Monday,0,5,Spring,0,4.333333333333334,-4.333333333333334,1
2025-05-27,20.46666666666667,9.166666666666666,14.816666666666668,11.299999999999999,0.0,0.0,12.2,10.9,0,0,0,Tuesday,0,5,Spring,0,3.183333333333332,-3.183333333333332,0
2025-05-28,17.266666666666666,9.633333333333333,13.450000000000001,7.633333333333333,17.1,5.7,23.8,20.233333333333334,3,0,0,Wednesday,0,5,Spring,0,4.549999999999999,-4.549999999999999,1
2025-05-29,18.0,10.633333333333333,14.316666666666668,7.366666666666667,25.2,8.4,15.7,14.5,3,0,0,Thursday,0,5,Spring,0,3.683333333333332,-3.683333333333332,1
2025-05-30,22.0,10.5,16.25,11.5,4.6000000000000005,1.5333333333333334,17.7,16.3,3,0,0,Friday,0,5,Spring,0,1.75,-1.75,1
2025-05-31,12.299999999999999,8.299999999999999,10.299999999999999,4.0,1.5999999999999999,0.5333333333333333,31.6,29.566666666666666,3,0,0,Saturday,1,5,Spring,0,7.700000000000001,-7.700000000000001,1
2025-06-01,14.166666666666666,7.033333333333334,10.6,7.133333333333333,0.4,0.13333333333333333,25.4,24.766666666666666,2,0,0,Sunday,1,6,Summer,0,7.4,-7.4,1
2025-06-02,21.233333333333334,6.533333333333334,13.883333333333333,14.700000000000001,0.0,0.0,16.3,13.799999999999999,0,0,0,Monday,0,6,Summer,0,4.116666666666667,-4.116666666666667,0
2025-06-03,25.366666666666664,11.966666666666667,18.666666666666668,13.4,0.0,0.0,22.0,20.466666666666665,0,1,0,Tuesday,0,6,Summer,1,0.6666666666666679,0.6666666666666679,0
2025-06-04,28.433333333333334,16.0,22.21666666666667,12.433333333333332,2.5,0.8333333333333334,26.0,23.96666666666667,3,3,0,Wednesday,0,6,Summer,1,4.216666666666669,4.216666666666669,1
2025-06-05,21.2,13.866666666666667,17.533333333333335,7.333333333333333,48.0,16.0,16.6,13.633333333333335,3,0,0,Thursday,0,6,Summer,0,0.466666666666665,-0.466666666666665,1
2025-06-06,22.53333333333333,13.299999999999999,17.916666666666668,9.233333333333333,0.30000000000000004,0.10000000000000002,15.4,14.333333333333334,2,0,0,Friday,0,6,Summer,0,0.08333333333333215,-0.08333333333333215,1
2025-06-07,24.066666666666666,14.433333333333332,19.25,9.633333333333333,1.1,0.3666666666666667,19.2,17.133333333333333,2,0,0,Saturday,1,6,Summer,0,1.25,1.25,1
2025-06-08,21.099999999999998,12.933333333333332,17.016666666666666,8.166666666666666,1.0,0.3333333333333333,19.8,17.0,2,0,0,Sunday,1,6,Summer,0,0.9833333333333343,-0.9833333333333343,1
2025-06-09,20.633333333333333,13.366666666666667,17.0,7.266666666666666,9.0,3.0,18.4,15.633333333333333,3,0,0,Monday,0,6,Summer,0,1.0,-1.0,1
2025-06-10,21.166666666666668,13.066666666666668,17.116666666666664,8.1,1.9,0.6333333333333333,25.8,21.766666666666666,3,0,0,Tuesday,0,6,Summer,0,0.8833333333333364,-0.8833333333333364,1
2025-06-11,25.0,12.700000000000001,18.849999999999998,12.299999999999999,0.5,0.16666666666666666,25.6,21.7,2,1,0,Wednesday,0,6,Summer,1,0.8499999999999979,0.8499999999999979,1
2025-06-12,21.933333333333334,13.266666666666666,17.6,8.666666666666666,0.0,0.0,25.0,20.900000000000002,0,0,0,Thursday,0,6,Summer,0,0.3999999999999986,-0.3999999999999986,0
2025-06-13,17.733333333333334,11.466666666666667,14.6,6.266666666666667,0.0,0.0,16.0,14.433333333333332,0,0,0,Friday,0,6,Summer,0,3.4000000000000004,-3.4000000000000004,0
2025-06-14,21.0,12.799999999999999,16.900000000000002,8.200000000000001,0.0,0.0,15.8,15.0,0,0,0,Saturday,1,6,Summer,0,1.0999999999999979,-1.0999999999999979,0
2025-06-15,23.066666666666666,13.233333333333334,18.150000000000002,9.833333333333334,0.0,0.0,14.9,13.033333333333333,0,0,0,Sunday,1,6,Summer,0,0.15000000000000213,0.15000000000000213,0
2025-06-16,25.26666666666667,14.233333333333334,19.75,11.033333333333333,0.0,0.0,13.9,12.533333333333333,0,1,0,Monday,0,6,Summer,1,1.75,1.75,0
2025-06-17,25.7,14.866666666666667,20.28333333333333,10.833333333333334,3.0,1.0,20.6,14.933333333333332,2,1,0,Tuesday,0,6,Summer,1,2.2833333333333314,2.2833333333333314,1
2025-06-18,28.166666666666668,18.433333333333334,23.3,9.733333333333333,8.0,2.6666666666666665,19.5,14.633333333333333,3,3,0,Wednesday,0,6,Summer,1,5.300000000000001,5.300000000000001,1
2025-06-19,25.03333333333333,15.4,20.216666666666665,9.633333333333333,24.900000000000002,8.3,41.6,37.800000000000004,3,1,0,Thursday,0,6,Summer,1,2.216666666666665,2.216666666666665,1
2025-06-20,24.333333333333332,13.299999999999999,18.816666666666666,11.033333333333333,1.2999999999999998,0.4333333333333333,24.5,20.900000000000002,3,2,0,Friday,0,6,Summer,0,0.8166666666666664,0.8166666666666664,1
2025-06-21,26.433333333333334,14.566666666666668,20.5,11.866666666666667,14.2,4.733333333333333,31.5,25.5,3,3,0,Saturday,1,6,Summer,1,2.5,2.5,1
2025-06-22,31.46666666666667,23.5,27.48333333333333,7.966666666666666,3.4000000000000004,1.1333333333333335,26.5,23.733333333333334,3,3,0,Sunday,1,6,Summer,1,9.48333333333333,9.48333333333333,1
2025-06-23,34.53333333333333,23.166666666666668,28.849999999999998,11.366666666666667,0.0,0.0,20.2,18.066666666666666,0,3,0,Monday,0,6,Summer,1,10.849999999999998,10.849999999999998,0
2025-06-24,33.333333333333336,24.133333333333336,28.733333333333334,9.200000000000001,3.9,1.3,22.1,20.633333333333333,3,3,0,Tuesday,0,6,Summer,1,10.733333333333334,10.733333333333334,1
2025-06-25,29.833333333333332,20.733333333333334,25.28333333333333,9.100000000000001,0.1,0.03333333333333333,17.6,14.533333333333333,1,3,0,Wednesday,0,6,Summer,1,7.283333333333331,7.283333333333331,1
2025-06-26,24.233333333333334,17.233333333333334,20.733333333333334,7.0,5.7,1.9000000000000001,20.8,19.2,2,1,0,Thursday,0,6,Summer,0,2.7333333333333343,2.7333333333333343,1
2025-06-27,24.566666666666663,16.433333333333334,20.5,8.133333333333331,17.1,5.7,23.5,21.366666666666664,3,1,0,Friday,0,6,Summer,0,2.5,2.5,1
2025-06-28,25.766666666666666,16.533333333333335,21.150000000000002,9.233333333333333,8.2,2.733333333333333,24.3,23.3,3,2,0,Saturday,1,6,Summer,1,3.150000000000002,3.150000000000002,1
2025-06-29,25.7,13.9,19.8,11.800000000000002,0.0,0.0,12.6,11.6,0,2,0,Sunday,1,6,Summer,1,1.8000000000000007,1.8000000000000007,0
2025-06-30,28.600000000000005,17.599999999999998,23.100000000000005,11.0,12.3,4.1000000000000005,18.8,14.633333333333335,3,3,0,Monday,0,6,Summer,1,5.100000000000005,5.100000000000005,1
2025-07-01,27.066666666666666,19.666666666666668,23.366666666666664,7.400000000000001,0.8999999999999999,0.3,21.7,18.166666666666668,2,3,0,Tuesday,0,7,Summer,1,5.366666666666664,5.366666666666664,1
2025-07-02,28.333333333333332,17.366666666666667,22.849999999999998,10.966666666666667,2.9,0.9666666666666667,21.0,15.966666666666667,3,3,0,Wednesday,0,7,Summer,1,4.849999999999998,4.849999999999998,1
2025-07-03,24.233333333333334,17.133333333333333,20.683333333333334,7.1000000000000005,5.4,1.8,27.6,24.666666666666668,3,2,0,Thursday,0,7,Summer,0,2.6833333333333336,2.6833333333333336,1
2025-07-04,25.8,14.033333333333333,19.916666666666668,11.766666666666666,0.0,0.0,17.1,15.700000000000001,0,2,0,Friday,0,7,Summer,1,1.9166666666666679,1.9166666666666679,0
2025-07-05,29.933333333333334,17.53333333333333,23.733333333333334,12.4,8.0,2.6666666666666665,16.5,14.733333333333334,3,3,0,Saturday,1,7,Summer,1,5.733333333333334,5.733333333333334,1
2025-07-06,31.600000000000005,22.5,27.05,9.1,1.9,0.6333333333333333,25.7,23.7,1,3,0,Sunday,1,7,Summer,1,9.05,9.05,1
2025-07-07,27.5,18.7,23.099999999999998,8.8,0.3,0.09999999999999999,22.9,20.0,1,2,0,Monday,0,7,Summer,1,5.099999999999998,5.099999999999998,1
2025-07-08,25.066666666666666,17.533333333333335,21.3,7.533333333333334,0.4,0.13333333333333333,12.7,12.4,2,2,0,Tuesday,0,7,Summer,1,3.3000000000000007,3.3000000000000007,1
2025-07-09,25.733333333333334,16.96666666666667,21.349999999999998,8.766666666666666,4.8,1.5999999999999999,13.0,12.366666666666667,3,3,0,Wednesday,0,7,Summer,1,3.349999999999998,3.349999999999998,1
2025-07-10,26.5,17.3,21.900000000000002,9.200000000000001,1.8,0.6,11.4,10.200000000000001,3,3,0,Thursday,0,7,Summer,1,3.900000000000002,3.900000000000002,1
2025-07-11,28.46666666666667,18.033333333333335,23.25,10.433333333333332,0.0,0.0,12.3,10.533333333333333,0,3,0,Friday,0,7,Summer,1,5.25,5.25,0
2025-07-12,31.666666666666668,20.8,26.233333333333334,10.866666666666669,2.5,0.8333333333333334,21.3,17.533333333333335,3,3,0,Saturday,1,7,Summer,1,8.233333333333334,8.233333333333334,1
2025-07-13,30.46666666666667,21.96666666666667,26.21666666666667,8.5,4.9,1.6333333333333335,20.3,16.966666666666665,3,3,0,Sunday,1,7,Summer,1,8.216666666666669,8.216666666666669,1
2025-07-14,28.96666666666667,19.566666666666666,24.266666666666666,9.4,0.0,0.0,14.6,13.933333333333332,0,3,0,Monday,0,7,Summer,1,6.266666666666666,6.266666666666666,0
2025-07-15,30.5,18.599999999999998,24.55,11.9,0.0,0.0,13.2,11.033333333333333,0,3,0,Tuesday,0,7,Summer,1,6.550000000000001,6.550000000000001,0
2025-07-16,31.133333333333336,20.566666666666666,25.850000000000005,10.566666666666665,1.4,0.4666666666666666,16.3,15.300000000000002,2,3,0,Wednesday,0,7,Summer,1,7.850000000000005,7.850000000000005,1
2025-07-17,27.7,16.900000000000002,22.3,10.799999999999999,4.3,1.4333333333333333,35.8,32.73333333333333,3,3,0,Thursday,0,7,Summer,1,4.300000000000001,4.300000000000001,1
2025-07-18,23.03333333333333,13.166666666666666,18.099999999999998,9.866666666666665,0.0,0.0,16.8,15.933333333333332,0,0,0,Friday,0,7,Summer,0,0.09999999999999787,0.09999999999999787,0
2025-07-19,26.3,14.633333333333333,20.466666666666665,11.666666666666666,2.1,0.7000000000000001,17.4,13.466666666666667,1,2,0,Saturday,1,7,Summer,1,2.466666666666665,2.466666666666665,1
2025-07-20,25.099999999999998,18.53333333333333,21.816666666666666,6.566666666666667,14.0,4.666666666666667,22.6,21.033333333333335,3,2,0,Sunday,1,7,Summer,1,3.8166666666666664,3.8166666666666664,1
2025-07-21,22.333333333333332,15.0,18.666666666666668,7.333333333333333,0.0,0.0,18.0,16.433333333333334,0,0,0,Monday,0,7,Summer,0,0.6666666666666679,0.6666666666666679,0
2025-07-22,23.333333333333332,14.433333333333332,18.883333333333333,8.9,0.3,0.09999999999999999,13.5,12.533333333333333,1,0,0,Tuesday,0,7,Summer,0,0.8833333333333329,0.8833333333333329,1
2025-07-23,27.8,15.600000000000001,21.7,12.200000000000001,0.0,0.0,18.2,13.666666666666666,0,3,0,Wednesday,0,7,Summer,1,3.6999999999999993,3.6999999999999993,0
2025-07-24,32.86666666666667,19.933333333333334,26.400000000000002,12.933333333333332,10.9,3.6333333333333333,23.9,22.400000000000002,3,3,0,Thursday,0,7,Summer,1,8.400000000000002,8.400000000000002,1
2025-07-25,27.666666666666668,21.066666666666666,24.366666666666664,6.599999999999999,3.6,1.2,15.5,14.0,3,3,0,Friday,0,7,Summer,1,6.366666666666664,6.366666666666664,1
2025-07-26,27.666666666666668,18.3,22.983333333333334,9.366666666666667,7.499999999999999,2.4999999999999996,14.8,12.700000000000001,3,3,0,Saturday,1,7,Summer,1,4.983333333333334,4.983333333333334,1
2025-07-27,29.933333333333334,21.2,25.566666666666663,8.733333333333333,16.8,5.6000000000000005,22.7,19.166666666666668,3,3,0,Sunday,1,7,Summer,1,7.566666666666663,7.566666666666663,1
2025-07-28,30.933333333333334,19.133333333333336,25.03333333333333,11.799999999999999,0.0,0.0,18.6,17.8,0,3,0,Monday,0,7,Summer,1,7.033333333333331,7.033333333333331,0
2025-07-29,29.7,20.066666666666666,24.883333333333336,9.633333333333333,0.0,0.0,15.5,13.966666666666667,0,3,0,Tuesday,0,7,Summer,1,6.883333333333336,6.883333333333336,0
2025-07-30,28.3,20.099999999999998,24.2,8.2,3.0,1.0,19.8,18.599999999999998,3,3,0,Wednesday,0,7,Summer,1,6.199999999999999,6.199999999999999,1
2025-07-31,23.46666666666667,17.133333333333333,20.3,6.333333333333333,8.5,2.8333333333333335,15.9,14.4,2,0,0,Thursday,0,7,Summer,0,2.3000000000000007,2.3000000000000007,1
2025-08-01,23.733333333333334,15.333333333333334,19.533333333333335,8.4,0.0,0.0,16.7,15.333333333333334,0,0,0,Friday,0,8,Summer,0,1.533333333333335,1.533333333333335,0
2025-08-02,25.8,14.666666666666666,20.233333333333334,11.133333333333331,0.0,0.0,20.8,16.5,0,3,0,Saturday,1,8,Summer,1,2.2333333333333343,2.2333333333333343,0
2025-08-03,27.46666666666667,16.400000000000002,21.933333333333334,11.066666666666668,0.0,0.0,19.1,14.766666666666667,0,3,0,Sunday,1,8,Summer,1,3.9333333333333336,3.9333333333333336,0
2025-08-04,27.266666666666666,17.466666666666665,22.366666666666664,9.8,0.0,0.0,14.7,14.133333333333333,0,3,0,Monday,0,8,Summer,1,4.366666666666664,4.366666666666664,0
2025-08-05,26.7,19.466666666666665,23.083333333333332,7.233333333333334,0.0,0.0,16.8,15.033333333333333,0,3,0,Tuesday,0,8,Summer,1,5.083333333333332,5.083333333333332,0
2025-08-06,27.099999999999998,19.2,23.150000000000002,7.8999999999999995,0.3,0.09999999999999999,16.3,14.833333333333334,1,3,0,Wednesday,0,8,Summer,1,5.150000000000002,5.150000000000002,1
2025-08-07,27.96666666666667,19.599999999999998,23.78333333333333,8.366666666666667,0.0,0.0,17.5,14.200000000000001,0,3,0,Thursday,0,8,Summer,1,5.783333333333331,5.783333333333331,0
2025-08-08,29.133333333333336,19.933333333333334,24.533333333333335,9.200000000000001,3.3,1.0999999999999999,15.7,15.233333333333334,1,3,0,Friday,0,8,Summer,1,6.533333333333335,6.533333333333335,1
2025-08-09,29.666666666666668,20.266666666666666,24.96666666666667,9.4,0.0,0.0,16.4,15.333333333333334,0,3,0,Saturday,1,8,Summer,1,6.966666666666669,6.966666666666669,0
2025-08-10,31.433333333333334,21.8,26.616666666666664,9.633333333333333,0.0,0.0,17.0,16.433333333333334,0,3,0,Sunday,1,8,Summer,1,8.616666666666664,8.616666666666664,0
2025-08-11,31.26666666666667,21.333333333333332,26.3,9.933333333333335,0.1,0.03333333333333333,19.3,16.866666666666667,1,3,0,Monday,0,8,Summer,1,8.3,8.3,1
2025-08-12,30.599999999999998,21.366666666666664,25.983333333333334,9.233333333333333,27.4,9.133333333333333,20.5,17.2,3,3,0,Tuesday,0,8,Summer,1,7.983333333333334,7.983333333333334,1
2025-08-13,26.766666666666666,20.166666666666668,23.46666666666667,6.6000000000000005,17.4,5.8,18.1,16.5,3,3,0,Wednesday,0,8,Summer,1,5.466666666666669,5.466666666666669,1
2025-08-14,26.133333333333336,18.0,22.066666666666663,8.133333333333333,0.30000000000000004,0.10000000000000002,17.1,13.933333333333332,2,3,0,Thursday,0,8,Summer,1,4.066666666666663,4.066666666666663,1
2025-08-15,27.400000000000002,18.666666666666668,23.03333333333333,8.733333333333333,0.2,0.06666666666666667,15.2,13.633333333333333,1,3,0,Friday,0,8,Summer,1,5.033333333333331,5.033333333333331,1
2025-08-16,29.3,18.2,23.75,11.100000000000001,0.0,0.0,13.0,12.666666666666666,0,3,0,Saturday,1,8,Summer,1,5.75,5.75,0
2025-08-17,24.766666666666666,17.900000000000002,21.333333333333332,6.8666666666666645,18.5,6.166666666666667,23.7,20.266666666666666,3,2,0,Sunday,1,8,Summer,0,3.333333333333332,3.333333333333332,1
2025-08-18,20.0,13.166666666666666,16.583333333333332,6.833333333333333,0.0,0.0,17.2,16.566666666666666,0,0,0,Monday,0,8,Summer,0,1.4166666666666679,-1.4166666666666679,0
2025-08-19,19.666666666666668,16.4,18.03333333333333,3.266666666666666,66.1,22.03333333333333,24.5,21.133333333333333,3,0,0,Tuesday,0,8,Summer,0,0.03333333333333144,0.03333333333333144,1
2025-08-20,21.53333333333333,16.5,19.016666666666666,5.033333333333332,13.8,4.6000000000000005,23.3,21.0,3,0,0,Wednesday,0,8,Summer,0,1.0166666666666657,1.0166666666666657,1
2025-08-21,22.733333333333334,15.200000000000001,18.966666666666665,7.533333333333332,0.0,0.0,15.0,12.833333333333334,0,0,0,Thursday,0,8,Summer,0,0.966666666666665,0.966666666666665,0
2025-08-22,25.833333333333332,14.933333333333332,20.383333333333333,10.9,0.0,0.0,14.5,12.666666666666666,0,1,0,Friday,0,8,Summer,1,2.383333333333333,2.383333333333333,0
2025-08-23,24.766666666666666,17.166666666666668,20.966666666666665,7.599999999999998,13.6,4.533333333333333,22.7,16.766666666666666,3,2,0,Saturday,1,8,Summer,0,2.966666666666665,2.966666666666665,1
2025-08-24,22.833333333333332,15.533333333333331,19.183333333333334,7.300000000000001,2.2,0.7333333333333334,15.9,14.366666666666667,3,0,0,Sunday,1,8,Summer,0,1.1833333333333336,1.1833333333333336,1
2025-08-25,19.7,13.533333333333333,16.616666666666667,6.166666666666667,1.3,0.43333333333333335,27.3,23.633333333333336,2,0,0,Monday,0,8,Summer,0,1.3833333333333329,-1.3833333333333329,1
2025-08-26,18.166666666666668,11.966666666666667,15.066666666666668,6.2,7.6,2.533333333333333,24.6,21.033333333333335,3,0,0,Tuesday,0,8,Summer,0,2.933333333333332,-2.933333333333332,1
2025-08-27,21.066666666666666,11.4,16.233333333333334,9.666666666666668,0.0,0.0,19.8,18.033333333333335,0,0,0,Wednesday,0,8,Summer,0,1.7666666666666657,-1.7666666666666657,0
2025-08-28,17.7,12.366666666666667,15.033333333333333,5.333333333333333,22.1,7.366666666666667,18.8,17.433333333333334,3,0,0,Thursday,0,8,Summer,0,2.966666666666667,-2.966666666666667,1
2025-08-29,16.733333333333334,10.0,13.366666666666667,6.733333333333332,0.0,0.0,16.9,16.433333333333334,0,0,0,Friday,0,8,Summer,0,4.633333333333333,-4.633333333333333,0
2025-08-30,19.900000000000002,9.9,14.9,10.0,0.0,0.0,18.4,16.066666666666666,0,0,0,Saturday,1,8,Summer,0,3.0999999999999996,-3.0999999999999996,0
2025-08-31,21.933333333333334,10.733333333333334,16.333333333333332,11.200000000000001,0.0,0.0,12.9,11.433333333333332,0,0,0,Sunday,1,8,Summer,0,1.6666666666666679,-1.6666666666666679,0
2025-09-01,23.166666666666668,12.433333333333332,17.8,10.733333333333334,0.0,0.0,10.9,10.4,0,0,0,Monday,0,9,Fall,0,0.1999999999999993,-0.1999999999999993,0
2025-09-02,23.46666666666667,13.666666666666666,18.566666666666666,9.799999999999999,0.2,0.06666666666666667,12.4,11.466666666666667,1,0,0,Tuesday,0,9,Fall,0,0.5666666666666664,0.5666666666666664,1
2025-09-03,24.7,14.566666666666668,19.633333333333336,10.133333333333335,0.0,0.0,23.1,18.633333333333333,0,2,0,Wednesday,0,9,Fall,0,1.6333333333333364,1.6333333333333364,0
2025-09-04,19.466666666666665,10.933333333333332,15.200000000000001,8.533333333333333,51.699999999999996,17.23333333333333,20.1,19.233333333333334,3,0,0,Thursday,0,9,Fall,0,2.799999999999999,-2.799999999999999,1
2025-09-05,20.400000000000002,10.200000000000001,15.299999999999999,10.2,5.8,1.9333333333333333,29.7,29.333333333333332,3,0,0,Friday,0,9,Fall,0,2.700000000000001,-2.700000000000001,1
2025-09-06,18.26666666666667,10.433333333333334,14.350000000000001,7.833333333333335,0.0,0.0,21.5,18.0,0,0,0,Saturday,1,9,Fall,0,3.6499999999999986,-3.6499999999999986,0
2025-09-07,16.599999999999998,10.366666666666667,13.483333333333334,6.233333333333334,1.8,0.6,21.1,20.0,3,0,0,Sunday,1,9,Fall,0,4.516666666666666,-4.516666666666666,1
2025-09-08,17.73333333333333,8.666666666666666,13.199999999999998,9.066666666666665,0.0,0.0,17.8,13.366666666666667,0,0,0,Monday,0,9,Fall,0,4.8000000000000025,-4.8000000000000025,0
2025-09-09,20.333333333333332,10.433333333333334,15.383333333333333,9.9,0.0,0.0,15.8,12.033333333333333,0,0,0,Tuesday,0,9,Fall,0,2.616666666666667,-2.616666666666667,0
2025-09-10,22.266666666666666,12.333333333333334,17.299999999999997,9.933333333333332,0.0,0.0,9.6,9.533333333333333,0,0,0,Wednesday,0,9,Fall,0,0.7000000000000028,-0.7000000000000028,0
2025-09-11,23.5,12.366666666666667,17.933333333333334,11.133333333333333,0.2,0.06666666666666667,12.2,12.0,1,0,0,Thursday,0,9,Fall,0,0.06666666666666643,-0.06666666666666643,1
2025-09-12,21.366666666666664,12.733333333333334,17.05,8.633333333333333,0.0,0.0,11.3,10.766666666666666,0,0,0,Friday,0,9,Fall,0,0.9499999999999993,-0.9499999999999993,0
2025-09-13,22.833333333333332,14.233333333333334,18.533333333333335,8.6,1.5,0.5,15.0,13.4,3,0,0,Saturday,1,9,Fall,0,0.533333333333335,0.533333333333335,1
2025-09-14,24.099999999999998,15.033333333333333,19.566666666666666,9.066666666666665,0.9,0.3,12.1,10.299999999999999,3,0,0,Sunday,1,9,Fall,0,1.5666666666666664,1.5666666666666664,1
2025-09-15,22.599999999999998,13.833333333333334,18.216666666666665,8.766666666666667,0.0,0.0,10.6,9.733333333333333,0,0,0,Monday,0,9,Fall,0,0.216666666666665,0.216666666666665,0
2025-09-16,23.266666666666666,13.466666666666669,18.366666666666667,9.799999999999999,0.0,0.0,11.5,10.1,0,0,0,Tuesday,0,9,Fall,0,0.36666666666666714,0.36666666666666714,0
2025-09-17,23.833333333333332,12.833333333333334,18.333333333333332,11.0,0.0,0.0,7.5,7.433333333333334,0,1,0,Wednesday,0,9,Fall,0,0.33333333333333215,0.33333333333333215,0
2025-09-18,25.599999999999998,13.466666666666667,19.53333333333333,12.133333333333333,0.4,0.13333333333333333,19.7,18.7,2,2,0,Thursday,0,9,Fall,1,1.5333333333333314,1.5333333333333314,1
2025-09-19,20.566666666666666,11.566666666666668,16.066666666666666,9.0,0.0,0.0,13.7,13.266666666666666,0,0,0,Friday,0,9,Fall,0,1.9333333333333336,-1.9333333333333336,0
2025-09-20,17.733333333333334,10.200000000000001,13.966666666666667,7.533333333333334,0.0,0.0,17.0,15.5,0,0,0,Saturday,1,9,Fall,0,4.033333333333333,-4.033333333333333,0
2025-09-21,23.8,12.700000000000001,18.25,11.1,9.6,3.1999999999999997,17.8,16.5,3,1,0,Sunday,1,9,Fall,0,0.25,0.25,1
2025-09-22,23.599999999999998,16.966666666666665,20.28333333333333,6.633333333333333,20.0,6.666666666666667,16.8,15.166666666666666,3,0,0,Monday,0,9,Fall,0,2.2833333333333314,2.2833333333333314,1
2025-09-23,23.666666666666668,16.666666666666668,20.166666666666668,7.0,23.4,7.8,9.7,8.966666666666667,3,0,0,Tuesday,0,9,Fall,0,2.166666666666668,2.166666666666668,1
2025-09-24,20.533333333333335,16.8,18.666666666666668,3.733333333333333,20.4,6.8,15.6,13.6,3,0,0,Wednesday,0,9,Fall,0,0.6666666666666679,0.6666666666666679,1
2025-09-25,20.733333333333334,16.433333333333334,18.583333333333332,4.299999999999999,12.299999999999999,4.1,15.9,14.133333333333333,3,0,0,Thursday,0,9,Fall,0,0.5833333333333321,0.5833333333333321,1
2025-09-26,22.066666666666666,14.333333333333334,18.2,7.733333333333333,0.2,0.06666666666666667,17.8,15.066666666666668,1,0,0,Friday,0,9,Fall,0,0.1999999999999993,0.1999999999999993,1
2025-09-27,22.7,14.666666666666666,18.683333333333334,8.033333333333333,1.6,0.5333333333333333,15.7,14.266666666666666,2,0,0,Saturday,1,9,Fall,0,0.6833333333333336,0.6833333333333336,1
2025-09-28,21.666666666666668,14.700000000000001,18.183333333333334,6.966666666666666,0.0,0.0,17.7,15.666666666666666,0,0,0,Sunday,1,9,Fall,0,0.18333333333333357,0.18333333333333357,0
2025-09-29,22.8,10.9,16.849999999999998,11.9,0.0,0.0,14.4,10.066666666666666,0,0,0,Monday,0,9,Fall,0,1.1500000000000021,-1.1500000000000021,0
2025-09-30,20.7,12.666666666666666,16.683333333333334,8.033333333333331,0.0,0.0,16.6,15.266666666666666,0,0,0,Tuesday,0,9,Fall,0,1.3166666666666664,-1.3166666666666664,0
2025-10-01,17.099999999999998,8.7,12.9,8.4,0.0,0.0,16.3,15.4,0,0,0,Wednesday,0,10,Fall,0,5.1,-5.1,0
2025-10-02,18.066666666666666,8.5,13.283333333333333,9.566666666666666,0.0,0.0,12.7,12.4,0,0,0,Thursday,0,10,Fall,0,4.716666666666667,-4.716666666666667,0
2025-10-03,22.766666666666666,7.933333333333334,15.35,14.833333333333334,0.0,0.0,10.5,8.5,0,1,0,Friday,0,10,Fall,0,2.6500000000000004,-2.6500000000000004,0
2025-10-04,25.2,12.633333333333333,18.916666666666668,12.566666666666668,0.0,0.0,14.8,12.566666666666668,0,1,0,Saturday,1,10,Fall,1,0.9166666666666679,0.9166666666666679,0
2025-10-05,26.566666666666666,14.966666666666667,20.766666666666666,11.6,0.0,0.0,18.5,14.9,0,3,0,Sunday,1,10,Fall,1,2.7666666666666657,2.7666666666666657,0
2025-10-06,25.766666666666666,14.866666666666667,20.316666666666666,10.9,0.0,0.0,18.7,18.2,0,2,0,Monday,0,10,Fall,1,2.3166666666666664,2.3166666666666664,0
2025-10-07,21.066666666666666,13.6,17.333333333333332,7.466666666666666,44.2,14.733333333333334,21.1,18.833333333333332,3,0,0,Tuesday,0,10,Fall,0,0.6666666666666679,-0.6666666666666679,1
2025-10-08,14.0,7.233333333333333,10.616666666666667,6.766666666666667,0.0,0.0,21.7,20.400000000000002,0,0,0,Wednesday,0,10,Fall,0,7.383333333333333,-7.383333333333333,0
2025-10-09,11.6,3.5,7.550000000000001,8.1,0.0,0.0,11.8,11.033333333333333,0,0,0,Thursday,0,10,Fall,0,10.45,-10.45,0
2025-10-10,15.966666666666667,4.766666666666667,10.366666666666667,11.200000000000001,1.6,0.5333333333333333,18.7,18.266666666666666,2,0,0,Friday,0,10,Fall,0,7.633333333333333,-7.633333333333333,1
2025-10-11,15.466666666666667,10.866666666666667,13.166666666666666,4.6,12.1,4.033333333333333,18.7,17.3,3,0,0,Saturday,1,10,Fall,0,4.833333333333334,-4.833333333333334,1
2025-10-12,17.966666666666665,9.6,13.783333333333331,8.366666666666667,0.7,0.2333333333333333,20.0,17.0,1,0,0,Sunday,1,10,Fall,0,4.216666666666669,-4.216666666666669,1
2025-10-13,17.933333333333334,10.433333333333332,14.183333333333332,7.5,0.0,0.0,15.7,14.666666666666666,0,0,0,Monday,0,10,Fall,0,3.816666666666668,-3.816666666666668,0
2025-10-14,19.633333333333336,8.133333333333333,13.883333333333335,11.5,0.0,0.0,24.1,20.666666666666668,0,0,0,Tuesday,0,10,Fall,0,4.116666666666665,-4.116666666666665,0
2025-10-15,13.299999999999999,7.333333333333333,10.316666666666668,5.966666666666666,0.0,0.0,20.4,17.266666666666666,0,0,0,Wednesday,0,10,Fall,0,7.683333333333332,-7.683333333333332,0
2025-10-16,13.733333333333334,3.3333333333333335,8.533333333333333,10.4,0.0,0.0,17.5,16.099999999999998,0,0,0,Thursday,0,10,Fall,0,9.466666666666667,-9.466666666666667,0
2025-10-17,11.700000000000001,3.2000000000000006,7.45,8.5,4.800000000000001,1.6000000000000003,15.5,13.1,3,0,0,Friday,0,10,Fall,0,10.55,-10.55,1
2025-10-18,19.666666666666668,10.700000000000001,15.183333333333335,8.966666666666667,3.3,1.0999999999999999,18.6,16.333333333333332,3,0,0,Saturday,1,10,Fall,0,2.8166666666666647,-2.8166666666666647,1
2025-10-19,21.2,13.733333333333334,17.466666666666665,7.466666666666668,37.2,12.4,29.4,28.7,3,0,0,Sunday,1,10,Fall,0,0.533333333333335,-0.533333333333335,1
2025-10-20,13.866666666666667,6.833333333333333,10.35,7.033333333333332,25.4,8.466666666666667,30.9,28.666666666666668,3,0,0,Monday,0,10,Fall,0,7.65,-7.65,1
2025-10-21,14.633333333333333,4.366666666666666,9.5,10.266666666666667,2.1,0.7000000000000001,21.1,19.2,3,0,0,Tuesday,0,10,Fall,0,8.5,-8.5,1
2025-10-22,11.433333333333332,5.733333333333333,8.583333333333334,5.7,7.300000000000001,2.4333333333333336,15.7,14.866666666666667,3,0,0,Wednesday,0,10,Fall,0,9.416666666666666,-9.416666666666666,1
2025-10-23,11.166666666666666,5.7,8.433333333333332,5.466666666666666,7.800000000000001,2.6,17.7,16.766666666666666,3,0,0,Thursday,0,10,Fall,0,9.566666666666668,-9.566666666666668,1
2025-10-24,9.333333333333334,4.6000000000000005,6.966666666666666,4.733333333333333,2.5999999999999996,0.8666666666666666,19.0,17.066666666666666,2,0,0,Friday,0,10,Fall,0,11.033333333333335,-11.033333333333335,1
2025-10-25,10.6,2.1999999999999997,6.3999999999999995,8.4,1.5,0.5,14.6,13.766666666666666,2,0,0,Saturday,1,10,Fall,0,11.600000000000001,-11.600000000000001,1
2025-10-26,7.666666666666667,-0.39999999999999997,3.6333333333333333,8.066666666666666,0.0,0.0,12.8,11.366666666666667,0,0,2,Sunday,1,10,Fall,1,14.366666666666667,-14.366666666666667,0
2025-10-27,8.9,0.9666666666666667,4.933333333333334,7.933333333333334,0.0,0.0,14.5,13.233333333333334,0,0,1,Monday,0,10,Fall,0,13.066666666666666,-13.066666666666666,0
2025-10-28,10.866666666666667,3.3333333333333335,7.1000000000000005,7.533333333333334,0.4,0.13333333333333333,19.2,18.5,1,0,0,Tuesday,0,10,Fall,0,10.899999999999999,-10.899999999999999,1
2025-10-29,10.533333333333333,2.4333333333333336,6.483333333333333,8.1,0.0,0.0,14.9,13.933333333333332,0,0,0,Wednesday,0,10,Fall,0,11.516666666666666,-11.516666666666666,0
2025-10-30,7.433333333333334,4.6000000000000005,6.016666666666667,2.8333333333333335,36.6,12.200000000000001,23.8,22.266666666666666,3,0,0,Thursday,0,10,Fall,0,11.983333333333334,-11.983333333333334,1
2025-10-31,7.166666666666667,4.233333333333333,5.7,2.933333333333333,24.0,8.0,32.8,29.966666666666665,3,0,0,Friday,0,10,Fall,0,12.3,-12.3,1
2025-11-01,7.833333333333333,1.9333333333333336,4.883333333333334,5.900000000000001,0.7,0.2333333333333333,19.8,18.266666666666666,2,0,0,Saturday,1,11,Fall,0,13.116666666666667,-13.116666666666667,1
2025-11-02,9.799999999999999,-0.6333333333333333,4.583333333333333,10.433333333333332,0.0,0.0,17.4,13.200000000000001,0,0,2,Sunday,1,11,Fall,1,13.416666666666668,-13.416666666666668,0
2025-11-03,9.1,4.966666666666667,7.033333333333334,4.133333333333333,5.2,1.7333333333333334,28.8,26.03333333333333,3,0,0,Monday,0,11,Fall,0,10.966666666666665,-10.966666666666665,1
2025-11-04,12.233333333333334,3.9,8.066666666666668,8.333333333333334,1.2,0.39999999999999997,26.1,24.2,1,0,0,Tuesday,0,11,Fall,0,9.933333333333332,-9.933333333333332,1
2025-11-05,10.566666666666668,4.766666666666667,7.666666666666667,5.8,11.8,3.9333333333333336,29.9,27.23333333333333,3,0,0,Wednesday,0,11,Fall,0,10.333333333333332,-10.333333333333332,1
2025-11-06,5.966666666666666,0.8333333333333334,3.4,5.133333333333334,0.8,0.26666666666666666,24.3,22.2,2,0,1,Thursday,0,11,Fall,0,14.6,-14.6,1
2025-11-07,10.1,0.9,5.5,9.2,10.1,3.3666666666666667,24.6,21.833333333333332,3,0,1,Friday,0,11,Fall,0,12.5,-12.5,1
2025-11-08,7.8999999999999995,0.3333333333333333,4.116666666666667,7.566666666666666,0.4,0.13333333333333333,26.1,22.366666666666664,1,0,1,Saturday,1,11,Fall,0,13.883333333333333,-13.883333333333333,1
2025-11-09,0.4333333333333333,-2.9333333333333336,-1.2499999999999998,3.366666666666667,21.5,7.166666666666667,24.3,21.46666666666667,3,0,3,Sunday,1,11,Fall,1,19.25,-19.25,1
2025-11-10,-2.766666666666667,-5.133333333333334,-3.9500000000000006,2.3666666666666667,5.5,1.8333333333333333,23.3,20.433333333333334,3,0,3,Monday,0,11,Fall,1,21.95,-21.95,1
2025-11-11,1.7333333333333334,-5.233333333333333,-1.75,6.966666666666666,2.1,0.7000000000000001,20.7,18.233333333333334,3,0,3,Tuesday,0,11,Fall,1,19.75,-19.75,1
2025-11-12,5.766666666666667,0.06666666666666665,2.9166666666666665,5.7,4.3,1.4333333333333333,22.9,20.599999999999998,3,0,2,Wednesday,0,11,Fall,0,15.083333333333334,-15.083333333333334,1
2025-11-13,5.966666666666666,1.7333333333333332,3.85,4.233333333333333,7.8,2.6,24.6,23.53333333333333,3,0,0,Thursday,0,11,Fall,0,14.15,-14.15,1
2025-11-14,8.133333333333333,0.3333333333333334,4.233333333333333,7.800000000000001,0.1,0.03333333333333333,13.2,11.966666666666667,1,0,2,Friday,0,11,Fall,0,13.766666666666666,-13.766666666666666,1
2025-11-15,9.233333333333334,0.03333333333333336,4.633333333333334,9.200000000000001,29.9,9.966666666666667,30.2,26.866666666666664,3,0,2,Saturday,1,11,Fall,0,13.366666666666667,-13.366666666666667,1
2025-11-16,7.533333333333334,-0.5666666666666667,3.483333333333333,8.1,8.1,2.6999999999999997,34.5,33.300000000000004,2,0,3,Sunday,1,11,Fall,1,14.516666666666667,-14.516666666666667,1
2025-11-17,2.3000000000000003,-1.0,0.65,3.2999999999999994,4.1000000000000005,1.366666666666667,27.6,26.233333333333334,2,0,3,Monday,0,11,Fall,1,17.35,-17.35,1
2025-11-18,4.233333333333333,-1.2,1.5166666666666666,5.433333333333334,0.0,0.0,13.6,12.0,0,0,2,Tuesday,0,11,Fall,1,16.483333333333334,-16.483333333333334,0
2025-11-19,4.7,-2.6,1.05,7.3,0.0,0.0,9.6,9.0,0,0,3,Wednesday,0,11,Fall,1,16.95,-16.95,0
2025-11-20,5.133333333333334,-1.9666666666666666,1.5833333333333333,7.1000000000000005,0.0,0.0,15.3,11.533333333333333,0,0,3,Thursday,0,11,Fall,1,16.416666666666668,-16.416666666666668,0
2025-11-21,8.533333333333333,0.9333333333333332,4.733333333333333,7.6000000000000005,2.9,0.9666666666666667,21.0,19.833333333333332,3,0,1,Friday,0,11,Fall,0,13.266666666666666,-13.266666666666666,1
2025-11-22,4.3,-0.4333333333333334,1.9333333333333336,4.733333333333333,0.2,0.06666666666666667,18.5,15.0,1,0,2,Saturday,1,11,Fall,1,16.066666666666666,-16.066666666666666,1
2025-11-23,7.3,0.3666666666666667,3.8333333333333335,6.933333333333333,8.2,2.733333333333333,27.7,24.633333333333336,3,0,2,Sunday,1,11,Fall,0,14.166666666666666,-14.166666666666666,1
2025-11-24,6.966666666666666,-0.8333333333333334,3.0666666666666664,7.8,0.0,0.0,18.6,16.900000000000002,0,0,2,Monday,0,11,Fall,1,14.933333333333334,-14.933333333333334,0
2025-11-25,8.566666666666666,3.8333333333333335,6.2,4.733333333333333,14.9,4.966666666666667,15.4,13.200000000000001,3,0,0,Tuesday,0,11,Fall,0,11.8,-11.8,1
2025-11-26,10.433333333333332,1.0666666666666667,5.75,9.366666666666667,2.1,0.7000000000000001,29.6,27.100000000000005,3,0,0,Wednesday,0,11,Fall,0,12.25,-12.25,1
2025-11-27,2.233333333333333,-1.0999999999999999,0.5666666666666667,3.3333333333333335,4.2,1.4000000000000001,31.3,31.066666666666666,3,0,2,Thursday,0,11,Fall,1,17.433333333333334,-17.433333333333334,1
2025-11-28,0.10000000000000002,-2.733333333333333,-1.3166666666666667,2.8333333333333335,17.2,5.733333333333333,24.6,24.3,3,0,3,Friday,0,11,Fall,1,19.316666666666666,-19.316666666666666,1
2025-11-29,-0.033333333333333326,-4.466666666666666,-2.25,4.433333333333334,1.2,0.39999999999999997,19.3,18.633333333333336,1,0,3,Saturday,1,11,Fall,1,20.25,-20.25,1
2025-11-30,2.6,-1.4666666666666666,0.5666666666666668,4.066666666666666,26.8,8.933333333333334,27.5,26.633333333333336,3,0,2,Sunday,1,11,Fall,1,17.433333333333334,-17.433333333333334,1
2025-12-01,-2.1333333333333333,-8.299999999999999,-5.216666666666667,6.166666666666667,0.7,0.2333333333333333,26.0,23.7,3,0,3,Monday,0,12,Winter,1,23.21666666666667,-23.21666666666667,1
2025-12-02,-1.3,-7.7,-4.5,6.3999999999999995,5.2,1.7333333333333334,13.5,12.966666666666667,3,0,3,Tuesday,0,12,Winter,1,22.5,-22.5,1
2025-12-03,0.09999999999999994,-8.633333333333333,-4.266666666666667,8.733333333333333,2.1,0.7000000000000001,25.6,22.933333333333334,3,0,3,Wednesday,0,12,Winter,1,22.266666666666666,-22.266666666666666,1
2025-12-04,-1.7333333333333334,-13.433333333333332,-7.583333333333333,11.700000000000001,7.0,2.3333333333333335,25.4,24.266666666666666,3,0,3,Thursday,0,12,Winter,1,25.583333333333332,-25.583333333333332,1
2025-12-05,-2.1333333333333333,-15.399999999999999,-8.766666666666666,13.266666666666666,0.0,0.0,17.9,17.2,0,0,3,Friday,0,12,Winter,1,26.766666666666666,-26.766666666666666,0
2025-12-06,0.26666666666666666,-2.966666666666667,-1.3499999999999999,3.233333333333333,0.1,0.03333333333333333,25.1,22.666666666666668,1,0,3,Saturday,1,12,Winter,1,19.35,-19.35,1
2025-12-07,-1.7333333333333334,-7.866666666666667,-4.8,6.133333333333334,4.7,1.5666666666666667,20.9,17.233333333333334,3,0,3,Sunday,1,12,Winter,1,22.8,-22.8,1
2025-12-08,-5.8,-16.566666666666666,-11.183333333333332,10.766666666666666,0.0,0.0,17.8,16.900000000000002,0,0,3,Monday,0,12,Winter,1,29.18333333333333,-29.18333333333333,0
2025-12-09,-0.6666666666666666,-12.133333333333333,-6.3999999999999995,11.466666666666667,4.800000000000001,1.6000000000000003,27.0,24.133333333333336,3,0,3,Tuesday,0,12,Winter,1,24.4,-24.4,1
2025-12-10,0.43333333333333335,-6.133333333333333,-2.85,6.566666666666666,36.2,12.066666666666668,31.7,28.53333333333333,3,0,3,Wednesday,0,12,Winter,1,20.85,-20.85,1
2025-12-11,-6.766666666666667,-11.533333333333333,-9.15,4.766666666666667,5.6000000000000005,1.866666666666667,26.0,24.766666666666666,3,0,3,Thursday,0,12,Winter,1,27.15,-27.15,1
2025-12-12,-1.4666666666666668,-10.933333333333332,-6.2,9.466666666666667,2.7,0.9,21.7,20.0,1,0,3,Friday,0,12,Winter,1,24.2,-24.2,1
2025-12-13,-2.533333333333333,-8.633333333333335,-5.583333333333333,6.1000000000000005,2.5,0.8333333333333334,25.0,23.266666666666666,3,0,3,Saturday,1,12,Winter,1,23.583333333333332,-23.583333333333332,1
2025-12-14,-8.833333333333334,-13.866666666666667,-11.35,5.033333333333332,1.1,0.3666666666666667,19.7,18.3,2,0,3,Sunday,1,12,Winter,1,29.35,-29.35,1
2025-12-15,-5.233333333333333,-11.799999999999999,-8.516666666666666,6.566666666666667,4.3,1.4333333333333333,21.2,20.633333333333333,3,0,3,Monday,0,12,Winter,1,26.516666666666666,-26.516666666666666,1
2025-12-16,-0.39999999999999997,-10.0,-5.2,9.600000000000001,0.4,0.13333333333333333,25.7,23.400000000000002,1,0,3,Tuesday,0,12,Winter,1,23.2,-23.2,1
2025-12-17,3.466666666666667,-2.8333333333333335,0.3166666666666667,6.3,0.1,0.03333333333333333,33.3,28.899999999999995,1,0,3,Wednesday,0,12,Winter,1,17.683333333333334,-17.683333333333334,1
2025-12-18,6.7,-3.3666666666666667,1.6666666666666667,10.066666666666668,1.9,0.6333333333333333,32.1,26.133333333333336,3,0,3,Thursday,0,12,Winter,1,16.333333333333332,-16.333333333333332,1
2025-12-19,7.666666666666667,-5.533333333333334,1.0666666666666667,13.200000000000001,29.700000000000003,9.9,36.9,34.9,3,0,3,Friday,0,12,Winter,1,16.933333333333334,-16.933333333333334,1
2025-12-20,2.2666666666666666,-6.466666666666666,-2.1,8.733333333333334,2.6,0.8666666666666667,28.2,27.166666666666668,3,0,3,Saturday,1,12,Winter,1,20.1,-20.1,1
2025-12-21,1.5999999999999999,-5.8999999999999995,-2.15,7.5,3.3,1.0999999999999999,34.7,32.53333333333334,2,0,3,Sunday,1,12,Winter,1,20.15,-20.15,1
2025-12-22,1.7,-7.833333333333333,-3.0666666666666664,9.533333333333333,0.4,0.13333333333333333,17.8,15.9,2,0,3,Monday,0,12,Winter,1,21.066666666666666,-21.066666666666666,1
2025-12-23,2.433333333333333,0.13333333333333333,1.2833333333333334,2.3000000000000003,20.4,6.8,31.3,23.7,3,0,1,Tuesday,0,12,Winter,0,16.716666666666665,-16.716666666666665,1
2025-12-24,1.9333333333333333,-4.3,-1.1833333333333333,6.233333333333333,0.2,0.06666666666666667,32.1,28.400000000000002,1,0,3,Wednesday,0,12,Winter,1,19.183333333333334,-19.183333333333334,1
2025-12-25,1.0999999999999999,-9.166666666666666,-4.033333333333333,10.266666666666666,0.0,0.0,22.8,21.066666666666666,0,0,3,Thursday,0,12,Winter,1,22.03333333333333,-22.03333333333333,0
2025-12-26,-4.066666666666666,-10.133333333333333,-7.099999999999999,6.0666666666666655,33.1,11.033333333333333,33.3,32.699999999999996,3,0,3,Friday,0,12,Winter,1,25.099999999999998,-25.099999999999998,1
2025-12-27,-5.8999999999999995,-11.033333333333333,-8.466666666666667,5.133333333333333,0.0,0.0,17.5,15.333333333333334,0,0,3,Saturday,1,12,Winter,1,26.46666666666667,-26.46666666666667,0
2025-12-28,1.3,-5.333333333333333,-2.0166666666666666,6.633333333333333,71.2,23.733333333333334,22.3,20.433333333333334,3,0,3,Sunday,1,12,Winter,1,20.016666666666666,-20.016666666666666,1
2025-12-29,6.766666666666667,-8.533333333333333,-0.8833333333333333,15.300000000000002,23.299999999999997,7.766666666666666,36.4,34.699999999999996,3,0,3,Monday,0,12,Winter,1,18.883333333333333,-18.883333333333333,1
2025-12-30,-5.633333333333333,-10.766666666666666,-8.200000000000001,5.133333333333334,7.0,2.3333333333333335,38.3,33.5,3,0,3,Tuesday,0,12,Winter,1,26.200000000000003,-26.200000000000003,1
2025-12-31,-4.333333333333333,-9.033333333333333,-6.683333333333333,4.7,10.5,3.5,27.4,25.333333333333332,3,0,3,Wednesday,0,12,Winter,1,24.683333333333334,-24.683333333333334,1
2026-01-01,-8.633333333333333,-16.5,-12.566666666666665,7.866666666666666,3.2,1.0666666666666667,21.7,21.400000000000002,3,0,3,Thursday,0,1,Winter,1,30.566666666666663,-30.566666666666663,1
2026-01-02,-5.8999999999999995,-10.833333333333334,-8.366666666666667,4.933333333333334,5.1000000000000005,1.7000000000000002,23.4,22.366666666666664,2,0,3,Friday,0,1,Winter,1,26.366666666666667,-26.366666666666667,1
2026-01-03,-4.466666666666666,-8.6,-6.533333333333334,4.133333333333334,3.8,1.2666666666666666,22.8,19.766666666666666,3,0,3,Saturday,1,1,Winter,1,24.533333333333335,-24.533333333333335,1
2026-01-04,-3.6666666666666665,-8.6,-6.133333333333333,4.933333333333334,2.5,0.8333333333333334,17.8,15.299999999999999,3,0,3,Sunday,1,1,Winter,1,24.133333333333333,-24.133333333333333,1
2026-01-05,-1.2333333333333334,-9.1,-5.166666666666667,7.866666666666667,13.4,4.466666666666667,18.4,18.099999999999998,3,0,3,Monday,0,1,Winter,1,23.166666666666668,-23.166666666666668,1
2026-01-06,0.5,-4.8999999999999995,-2.1999999999999997,5.3999999999999995,28.8,9.6,22.2,20.566666666666666,3,0,3,Tuesday,0,1,Winter,1,20.2,-20.2,1
2026-01-07,1.8666666666666665,-0.5666666666666667,0.65,2.433333333333333,9.3,3.1,17.5,15.666666666666666,3,0,2,Wednesday,0,1,Winter,1,17.35,-17.35,1
2026-01-08,3.366666666666667,-0.26666666666666666,1.55,3.6333333333333333,0.0,0.0,20.8,16.566666666666666,0,0,2,Thursday,0,1,Winter,1,16.45,-16.45,0
2026-01-09,11.666666666666666,1.1666666666666667,6.416666666666667,10.5,11.2,3.733333333333333,40.9,38.199999999999996,3,0,0,Friday,0,1,Winter,0,11.583333333333332,-11.583333333333332,1
2026-01-10,2.533333333333333,-2.3333333333333335,0.10000000000000002,4.866666666666667,16.0,5.333333333333333,26.3,23.900000000000002,3,0,3,Saturday,1,1,Winter,1,17.9,-17.9,1
2026-01-11,1.5,-5.1000000000000005,-1.8,6.6000000000000005,1.9,0.6333333333333333,31.7,30.099999999999998,1,0,3,Sunday,1,1,Winter,1,19.8,-19.8,1
2026-01-12,-0.26666666666666666,-3.5666666666666664,-1.9166666666666667,3.3000000000000003,3.7,1.2333333333333334,25.4,23.53333333333333,3,0,3,Monday,0,1,Winter,1,19.916666666666668,-19.916666666666668,1
2026-01-13,3.733333333333333,-2.8666666666666667,0.43333333333333335,6.6000000000000005,2.7,0.9,28.3,27.900000000000002,3,0,3,Tuesday,0,1,Winter,1,17.566666666666666,-17.566666666666666,1
2026-01-14,4.0,-6.533333333333334,-1.2666666666666668,10.533333333333333,4.5,1.5,27.2,23.900000000000002,3,0,3,Wednesday,0,1,Winter,1,19.266666666666666,-19.266666666666666,1
2026-01-15,-7.833333333333333,-14.733333333333334,-11.283333333333333,6.900000000000001,41.1,13.700000000000001,30.8,25.733333333333334,3,0,3,Thursday,0,1,Winter,1,29.28333333333333,-29.28333333333333,1
2026-01-16,-2.566666666666667,-16.333333333333332,-9.450000000000001,13.766666666666667,6.5,2.1666666666666665,24.4,22.8,3,0,3,Friday,0,1,Winter,1,27.450000000000003,-27.450000000000003,1
2026-01-17,1.2333333333333334,-6.133333333333333,-2.4499999999999997,7.366666666666667,2.5999999999999996,0.8666666666666666,25.8,23.7,3,0,3,Saturday,1,1,Winter,1,20.45,-20.45,1
2026-01-18,-7.233333333333333,-11.333333333333334,-9.283333333333333,4.1000000000000005,1.6,0.5333333333333333,21.8,20.733333333333334,1,0,3,Sunday,1,1,Winter,1,27.28333333333333,-27.28333333333333,1
2026-01-19,-6.466666666666666,-9.9,-8.183333333333332,3.4333333333333336,3.8,1.2666666666666666,30.0,28.8,3,0,3,Monday,0,1,Winter,1,26.18333333333333,-26.18333333333333,1
2026-01-20,-10.066666666666668,-14.666666666666666,-12.366666666666667,4.6,0.7,0.2333333333333333,30.0,27.266666666666666,3,0,3,Tuesday,0,1,Winter,1,30.366666666666667,-30.366666666666667,1
2026-01-21,-1.7666666666666666,-12.566666666666668,-7.166666666666667,10.799999999999999,9.9,3.3000000000000003,22.8,21.833333333333332,3,0,3,Wednesday,0,1,Winter,1,25.166666666666668,-25.166666666666668,1
2026-01-22,-2.0333333333333337,-10.799999999999999,-6.416666666666667,8.766666666666666,1.5,0.5,27.2,26.0,2,0,3,Thursday,0,1,Winter,1,24.416666666666668,-24.416666666666668,1
2026-01-23,-9.9,-18.933333333333334,-14.416666666666666,9.033333333333333,4.7,1.5666666666666667,27.9,27.333333333333332,3,0,3,Friday,0,1,Winter,1,32.416666666666664,-32.416666666666664,1
2026-01-24,-14.466666666666667,-25.833333333333332,-20.150000000000002,11.366666666666667,0.3,0.09999999999999999,11.0,10.433333333333334,1,0,3,Saturday,1,1,Winter,1,38.150000000000006,-38.150000000000006,1
2026-01-25,-10.366666666666665,-16.533333333333335,-13.450000000000001,6.166666666666667,37.7,12.566666666666668,31.1,30.066666666666666,3,0,3,Sunday,1,1,Winter,1,31.450000000000003,-31.450000000000003,1
2026-01-26,-10.966666666666667,-16.466666666666665,-13.716666666666667,5.5,3.7,1.2333333333333334,22.9,21.3,3,0,3,Monday,0,1,Winter,1,31.71666666666667,-31.71666666666667,1
2026-01-27,-10.5,-15.4,-12.949999999999998,4.8999999999999995,4.1,1.3666666666666665,25.0,24.5,3,0,3,Tuesday,0,1,Winter,1,30.949999999999996,-30.949999999999996,1
2026-01-28,-9.733333333333334,-13.299999999999999,-11.516666666666666,3.5666666666666664,2.6,0.8666666666666667,22.6,20.8,2,0,3,Wednesday,0,1,Winter,1,29.516666666666666,-29.516666666666666,1
2026-01-29,-12.1,-19.46666666666667,-15.783333333333333,7.366666666666667,0.3,0.09999999999999999,22.5,19.633333333333336,1,0,3,Thursday,0,1,Winter,1,33.78333333333333,-33.78333333333333,1
2026-01-30,-12.133333333333333,-23.433333333333334,-17.78333333333333,11.299999999999999,2.1,0.7000000000000001,15.9,14.6,2,0,3,Friday,0,1,Winter,1,35.78333333333333,-35.78333333333333,1
2026-01-31,-11.466666666666667,-18.833333333333332,-15.15,7.366666666666667,0.0,0.0,17.5,15.966666666666667,0,0,3,Saturday,1,1,Winter,1,33.15,-33.15,0
2026-02-01,-8.433333333333334,-19.133333333333333,-13.783333333333331,10.699999999999998,0.0,0.0,19.8,17.566666666666666,0,0,3,Sunday,1,2,Winter,1,31.78333333333333,-31.78333333333333,0
2026-02-02,-6.6000000000000005,-18.033333333333335,-12.316666666666668,11.433333333333335,0.4,0.13333333333333333,19.1,15.333333333333334,2,0,3,Monday,0,2,Winter,1,30.31666666666667,-30.31666666666667,1
2026-02-03,-4.033333333333334,-9.5,-6.766666666666667,5.466666666666666,5.2,1.7333333333333334,21.6,20.26666666666667,3,0,3,Tuesday,0,2,Winter,1,24.766666666666666,-24.766666666666666,1
2026-02-04,-7.733333333333333,-14.799999999999999,-11.266666666666666,7.0666666666666655,0.1,0.03333333333333333,18.0,16.066666666666666,1,0,3,Wednesday,0,2,Winter,1,29.266666666666666,-29.266666666666666,1
2026-02-05,-5.8999999999999995,-14.700000000000001,-10.299999999999999,8.8,0.1,0.03333333333333333,15.8,14.200000000000001,1,0,3,Thursday,0,2,Winter,1,28.299999999999997,-28.299999999999997,1
2026-02-06,-3.4333333333333336,-12.733333333333334,-8.083333333333334,9.299999999999999,11.1,3.6999999999999997,40.1,35.800000000000004,3,0,3,Friday,0,2,Winter,1,26.083333333333336,-26.083333333333336,1
2026-02-07,-15.0,-21.766666666666666,-18.38333333333333,6.766666666666666,0.4,0.13333333333333333,40.2,36.0,1,0,3,Saturday,1,2,Winter,1,36.383333333333326,-36.383333333333326,1
2026-02-08,-16.166666666666668,-24.03333333333333,-20.1,7.866666666666667,0.0,0.0,19.7,16.2,0,0,3,Sunday,1,2,Winter,1,38.1,-38.1,0
2026-02-09,-8.333333333333334,-23.599999999999998,-15.966666666666667,15.266666666666667,0.1,0.03333333333333333,15.3,11.266666666666666,1,0,3,Monday,0,2,Winter,1,33.96666666666667,-33.96666666666667,1
2026-02-10,-0.3333333333333333,-7.766666666666667,-4.05,7.433333333333334,6.2,2.066666666666667,20.2,18.233333333333334,3,0,3,Tuesday,0,2,Winter,1,22.05,-22.05,1
2026-02-11,0.16666666666666666,-4.3,-2.066666666666667,4.466666666666667,5.3999999999999995,1.7999999999999998,28.9,26.3,3,0,3,Wednesday,0,2,Winter,1,20.066666666666666,-20.066666666666666,1
2026-02-12,-4.733333333333333,-10.566666666666668,-7.6499999999999995,5.833333333333333,0.5,0.16666666666666666,19.0,17.533333333333335,1,0,3,Thursday,0,2,Winter,1,25.65,-25.65,1
2026-02-13,-2.1666666666666665,-16.099999999999998,-9.133333333333333,13.933333333333332,5.2,1.7333333333333334,14.1,14.0,3,0,3,Friday,0,2,Winter,1,27.133333333333333,-27.133333333333333,1
2026-02-14,1.0999999999999999,-4.833333333333333,-1.8666666666666665,5.933333333333334,0.0,0.0,14.3,13.833333333333334,0,0,3,Saturday,1,2,Winter,1,19.866666666666667,-19.866666666666667,0
2026-02-15,-1.2333333333333334,-6.266666666666667,-3.75,5.033333333333333,0.2,0.06666666666666667,18.2,15.833333333333334,1,0,3,Sunday,1,2,Winter,1,21.75,-21.75,1
2026-02-16,1.4000000000000001,-7.666666666666667,-3.1333333333333333,9.066666666666668,1.2,0.39999999999999997,14.6,11.5,3,0,3,Monday,0,2,Winter,1,21.133333333333333,-21.133333333333333,1
2026-02-17,3.6666666666666665,-2.1333333333333333,0.7666666666666666,5.8,0.2,0.06666666666666667,12.9,12.233333333333334,1,0,3,Tuesday,0,2,Winter,1,17.233333333333334,-17.233333333333334,1
2026-02-18,-0.3666666666666667,-3.5,-1.9333333333333336,3.1333333333333333,48.0,16.0,30.4,25.7,3,0,3,Wednesday,0,2,Winter,1,19.933333333333334,-19.933333333333334,1
2026-02-19,0.9,-3.8666666666666667,-1.4833333333333334,4.766666666666667,0.1,0.03333333333333333,24.2,22.0,1,0,3,Thursday,0,2,Winter,1,19.483333333333334,-19.483333333333334,1
2026-02-20,1.8666666666666665,0.10000000000000002,0.9833333333333334,1.7666666666666668,25.4,8.466666666666667,32.4,30.733333333333334,3,0,1,Friday,0,2,Winter,0,17.016666666666666,-17.016666666666666,1
2026-02-21,1.0666666666666667,-1.1333333333333333,-0.033333333333333326,2.1999999999999997,10.8,3.6,17.8,15.566666666666668,3,0,2,Saturday,1,2,Winter,1,18.033333333333335,-18.033333333333335,1
2026-02-22,-0.7333333333333334,-3.5666666666666664,-2.15,2.8333333333333335,11.3,3.766666666666667,17.1,15.466666666666667,3,0,3,Sunday,1,2,Winter,1,20.15,-20.15,1
2026-02-23,-1.5333333333333332,-11.866666666666667,-6.7,10.333333333333334,0.8,0.26666666666666666,31.7,29.099999999999998,2,0,3,Monday,0,2,Winter,1,24.7,-24.7,1
2026-02-24,-4.3999999999999995,-18.233333333333334,-11.316666666666668,13.833333333333334,0.9,0.3,30.7,26.633333333333336,2,0,3,Tuesday,0,2,Winter,1,29.31666666666667,-29.31666666666667,1
2026-02-25,0.7000000000000001,-5.1000000000000005,-2.2,5.8,16.3,5.433333333333334,26.9,24.566666666666666,3,0,3,Wednesday,0,2,Winter,1,20.2,-20.2,1
2026-02-26,-4.3,-10.4,-7.349999999999999,6.1000000000000005,1.6,0.5333333333333333,21.0,18.033333333333335,2,0,3,Thursday,0,2,Winter,1,25.349999999999998,-25.349999999999998,1
2026-02-27,3.1,-9.166666666666666,-3.033333333333333,12.266666666666666,0.3,0.09999999999999999,29.7,21.099999999999998,1,0,3,Friday,0,2,Winter,1,21.03333333333333,-21.03333333333333,1
2026-02-28,4.533333333333334,-6.8,-1.133333333333333,11.333333333333334,12.7,4.233333333333333,31.7,30.400000000000002,3,0,3,Saturday,1,2,Winter,1,19.133333333333333,-19.133333333333333,1
2026-03-01,-7.166666666666667,-15.366666666666667,-11.266666666666666,8.200000000000001,1.5,0.5,17.7,16.933333333333334,3,0,3,Sunday,1,3,Spring,1,29.266666666666666,-29.266666666666666,1
2026-03-02,-6.133333333333333,-21.366666666666664,-13.75,15.233333333333334,0.0,0.0,14.5,10.700000000000001,0,0,3,Monday,0,3,Spring,1,31.75,-31.75,0
2026-03-03,0.13333333333333333,-10.299999999999999,-5.083333333333333,10.433333333333334,0.0,0.0,11.5,10.066666666666668,0,0,3,Tuesday,0,3,Spring,1,23.083333333333332,-23.083333333333332,0
2026-03-04,3.466666666666667,-6.7,-1.6166666666666665,10.166666666666666,0.0,0.0,13.3,11.733333333333334,0,0,3,Wednesday,0,3,Spring,1,19.616666666666667,-19.616666666666667,0
2026-03-05,3.033333333333333,-3.4333333333333336,-0.2000000000000001,6.466666666666666,5.7,1.9000000000000001,22.6,20.066666666666666,2,0,3,Thursday,0,3,Spring,1,18.2,-18.2,1
2026-03-06,2.433333333333333,-1.4333333333333333,0.5,3.8666666666666667,8.4,2.8000000000000003,21.9,19.466666666666665,3,0,3,Friday,0,3,Spring,1,17.5,-17.5,1
2026-03-07,12.866666666666667,2.1333333333333333,7.5,10.733333333333334,51.0,17.0,29.1,25.666666666666668,3,0,0,Saturday,1,3,Spring,0,10.5,-10.5,1
2026-03-08,9.733333333333333,0.8333333333333334,5.283333333333334,8.9,0.2,0.06666666666666667,24.6,22.900000000000002,1,0,1,Sunday,1,3,Spring,0,12.716666666666665,-12.716666666666665,1
2026-03-09,14.033333333333333,4.1000000000000005,9.066666666666666,9.933333333333334,0.0,0.0,25.5,24.400000000000002,0,0,0,Monday,0,3,Spring,0,8.933333333333334,-8.933333333333334,0
2026-03-10,13.766666666666667,3.9666666666666663,8.866666666666667,9.800000000000002,4.699999999999999,1.5666666666666664,19.5,18.566666666666666,3,0,0,Tuesday,0,3,Spring,0,9.133333333333333,-9.133333333333333,1
2026-03-11,6.400000000000001,1.0,3.7000000000000006,5.3999999999999995,40.7,13.566666666666668,30.1,28.433333333333334,3,0,1,Wednesday,0,3,Spring,0,14.299999999999999,-14.299999999999999,1
2026-03-12,0.43333333333333335,-3.9666666666666663,-1.7666666666666666,4.3999999999999995,0.2,0.06666666666666667,32.8,30.5,1,0,3,Thursday,0,3,Spring,1,19.766666666666666,-19.766666666666666,1
2026-03-13,1.3,-5.766666666666666,-2.233333333333333,7.066666666666666,17.5,5.833333333333333,32.2,30.46666666666667,3,0,3,Friday,0,3,Spring,1,20.233333333333334,-20.233333333333334,1
2026-03-14,0.7000000000000001,-7.433333333333333,-3.3666666666666667,8.133333333333333,5.2,1.7333333333333334,36.0,32.93333333333333,3,0,3,Saturday,1,3,Spring,1,21.366666666666667,-21.366666666666667,1
2026-03-15,7.066666666666667,-7.3999999999999995,-0.16666666666666638,14.466666666666667,8.8,2.9333333333333336,35.0,34.199999999999996,3,0,3,Sunday,1,3,Spring,1,18.166666666666668,-18.166666666666668,1
2026-03-16,11.299999999999999,-3.0666666666666664,4.116666666666666,14.366666666666667,19.8,6.6000000000000005,31.9,30.233333333333334,3,0,3,Monday,0,3,Spring,1,13.883333333333333,-13.883333333333333,1
2026-03-17,-4.3999999999999995,-11.533333333333333,-7.966666666666666,7.133333333333333,3.2,1.0666666666666667,35.4,32.93333333333333,3,0,3,Tuesday,0,3,Spring,1,25.966666666666665,-25.966666666666665,1
2026-03-18,-1.7666666666666666,-10.933333333333332,-6.349999999999999,9.166666666666666,2.0,0.6666666666666666,21.4,19.766666666666666,3,0,3,Wednesday,0,3,Spring,1,24.349999999999998,-24.349999999999998,1
2026-03-19,6.933333333333334,-2.4,2.266666666666667,9.333333333333334,0.7,0.2333333333333333,22.8,20.666666666666668,3,0,3,Thursday,0,3,Spring,1,15.733333333333333,-15.733333333333333,1
2026-03-20,5.566666666666666,-2.8666666666666667,1.3500000000000003,8.433333333333334,19.6,6.533333333333334,16.9,16.633333333333333,3,0,3,Friday,0,3,Spring,1,16.65,-16.65,1
2026-03-21,4.233333333333333,-1.2,1.5166666666666666,5.433333333333334,1.4,0.4666666666666666,19.6,18.400000000000002,3,0,3,Saturday,1,3,Spring,1,16.483333333333334,-16.483333333333334,1
2026-03-22,6.566666666666666,0.06666666666666665,3.3166666666666664,6.5,7.6,2.533333333333333,17.1,16.46666666666667,3,0,2,Sunday,1,3,Spring,0,14.683333333333334,-14.683333333333334,1
2026-03-23,2.033333333333333,-3.5,-0.7333333333333334,5.533333333333334,2.4,0.7999999999999999,23.3,22.400000000000002,3,0,3,Monday,0,3,Spring,1,18.733333333333334,-18.733333333333334,1
2026-03-24,3.9333333333333336,-6.066666666666666,-1.0666666666666667,10.0,0.1,0.03333333333333333,22.4,19.433333333333334,1,0,3,Tuesday,0,3,Spring,1,19.066666666666666,-19.066666666666666,1
2026-03-25,4.9,-2.533333333333333,1.1833333333333336,7.4333333333333345,0.8,0.26666666666666666,21.0,15.833333333333334,2,0,3,Wednesday,0,3,Spring,1,16.816666666666666,-16.816666666666666,1
2026-03-26,8.866666666666665,0.5333333333333334,4.699999999999999,8.333333333333334,18.4,6.133333333333333,21.3,21.0,3,0,1,Thursday,0,3,Spring,0,13.3,-13.3,1
2026-03-27,-0.1333333333333333,-9.1,-4.616666666666666,8.966666666666667,0.0,0.0,27.6,24.7,0,0,3,Friday,0,3,Spring,1,22.616666666666667,-22.616666666666667,0
2026-03-28,0.1666666666666667,-6.266666666666666,-3.0499999999999994,6.433333333333333,0.9,0.3,24.0,22.8,2,0,3,Saturday,1,3,Spring,1,21.05,-21.05,1
2026-03-29,9.166666666666666,-1.9333333333333333,3.6166666666666667,11.1,0.1,0.03333333333333333,17.0,15.5,1,0,3,Sunday,1,3,Spring,1,14.383333333333333,-14.383333333333333,1
2026-03-30,17.46666666666667,2.1999999999999997,9.833333333333334,15.266666666666667,0.9,0.3,17.6,16.3,1,0,0,Monday,0,3,Spring,0,8.166666666666666,-8.166666666666666,1
2026-03-31,14.733333333333334,5.333333333333333,10.033333333333333,9.4,41.9,13.966666666666667,24.8,21.033333333333335,3,0,0,Tuesday,0,3,Spring,0,7.966666666666667,-7.966666666666667,1
